"","year_month","continent","countries_and_territories","country_territory_code","population_2019","cases","deaths"
"1","2020-01","Africa","Algeria","DZA",43053054,0,0
"2","2020-01","Africa","Egypt","EGY",100388076,0,0
"3","2020-01","Africa","Nigeria","NGA",200963603,0,0
"4","2020-01","America","Brazil","BRA",211049519,0,0
"5","2020-01","America","Canada","CAN",37411038,3,0
"6","2020-01","America","Dominican_Republic","DOM",10738957,0,0
"7","2020-01","America","Ecuador","ECU",17373657,0,0
"8","2020-01","America","Mexico","MEX",127575529,2,0
"9","2020-01","America","United_States_of_America","USA",329064917,6,0
"10","2020-01","Asia","Afghanistan","AFG",38041757,0,0
"11","2020-01","Asia","Bahrain","BHR",1641164,0,0
"12","2020-01","Asia","Cambodia","KHM",16486542,1,0
"13","2020-01","Asia","China","CHN",1433783692,9687,213
"14","2020-01","Asia","India","IND",1366417756,1,0
"15","2020-01","Asia","Indonesia","IDN",270625567,0,0
"16","2020-01","Asia","Iran","IRN",82913893,0,0
"17","2020-01","Asia","Iraq","IRQ",39309789,0,0
"18","2020-01","Asia","Israel","ISR",8519373,0,0
"19","2020-01","Asia","Japan","JPN",126860299,14,0
"20","2020-01","Asia","Kuwait","KWT",4207077,0,0
"21","2020-01","Asia","Lebanon","LBN",6855709,0,0
"22","2020-01","Asia","Malaysia","MYS",31949789,8,0
"23","2020-01","Asia","Nepal","NPL",28608715,1,0
"24","2020-01","Asia","Oman","OMN",4974992,0,0
"25","2020-01","Asia","Pakistan","PAK",216565317,0,0
"26","2020-01","Asia","Philippines","PHL",108116622,1,0
"27","2020-01","Asia","Qatar","QAT",2832071,0,0
"28","2020-01","Asia","Singapore","SGP",5804343,13,0
"29","2020-01","Asia","South_Korea","KOR",51225321,7,0
"30","2020-01","Asia","Sri_Lanka","LKA",21323734,1,0
"31","2020-01","Asia","Taiwan","CNG1925",23773881,9,0
"32","2020-01","Asia","Thailand","THA",69625581,14,0
"33","2020-01","Asia","United_Arab_Emirates","ARE",9770526,4,0
"34","2020-01","Asia","Vietnam","VNM",96462108,5,0
"35","2020-01","Europe","Armenia","ARM",2957728,0,0
"36","2020-01","Europe","Austria","AUT",8858775,0,0
"37","2020-01","Europe","Azerbaijan","AZE",10047719,0,0
"38","2020-01","Europe","Belarus","BLR",9452409,0,0
"39","2020-01","Europe","Belgium","BEL",11455519,0,0
"40","2020-01","Europe","Croatia","HRV",4076246,0,0
"41","2020-01","Europe","Czechia","CZE",10649800,0,0
"42","2020-01","Europe","Denmark","DNK",5806081,0,0
"43","2020-01","Europe","Estonia","EST",1324820,0,0
"44","2020-01","Europe","Finland","FIN",5517919,1,0
"45","2020-01","Europe","France","FRA",67012883,6,0
"46","2020-01","Europe","Georgia","GEO",3996762,0,0
"47","2020-01","Europe","Germany","DEU",83019213,5,0
"48","2020-01","Europe","Greece","GRC",10724599,0,0
"49","2020-01","Europe","Iceland","ISL",356991,0,0
"50","2020-01","Europe","Ireland","IRL",4904240,0,0
"51","2020-01","Europe","Italy","ITA",60359546,3,0
"52","2020-01","Europe","Lithuania","LTU",2794184,0,0
"53","2020-01","Europe","Luxembourg","LUX",613894,0,0
"54","2020-01","Europe","Monaco","MCO",33085,0,0
"55","2020-01","Europe","Netherlands","NLD",17282163,0,0
"56","2020-01","Europe","North_Macedonia","MKD",2077132,0,0
"57","2020-01","Europe","Norway","NOR",5328212,0,0
"58","2020-01","Europe","Romania","ROU",19414458,0,0
"59","2020-01","Europe","Russia","RUS",145872260,0,0
"60","2020-01","Europe","San_Marino","SMR",34453,0,0
"61","2020-01","Europe","Spain","ESP",46937060,0,0
"62","2020-01","Europe","Sweden","SWE",10230185,0,0
"63","2020-01","Europe","Switzerland","CHE",8544527,0,0
"64","2020-01","Europe","United_Kingdom","GBR",66647112,0,0
"65","2020-01","Oceania","Australia","AUS",25203200,7,0
"66","2020-01","Oceania","New_Zealand","NZL",4783062,0,0
"67","2020-02","Africa","Algeria","DZA",43053054,1,0
"68","2020-02","Africa","Egypt","EGY",100388076,1,0
"69","2020-02","Africa","Nigeria","NGA",200963603,1,0
"70","2020-02","America","Brazil","BRA",211049519,1,0
"71","2020-02","America","Canada","CAN",37411038,13,0
"72","2020-02","America","Dominican_Republic","DOM",10738957,0,0
"73","2020-02","America","Ecuador","ECU",17373657,0,0
"74","2020-02","America","Mexico","MEX",127575529,12,0
"75","2020-02","America","United_States_of_America","USA",329064917,60,0
"76","2020-02","Asia","Afghanistan","AFG",38041757,1,0
"77","2020-02","Asia","Bahrain","BHR",1641164,38,0
"78","2020-02","Asia","Cambodia","KHM",16486542,0,0
"79","2020-02","Asia","China","CHN",1433783692,69641,2624
"80","2020-02","Asia","India","IND",1366417756,2,0
"81","2020-02","Asia","Indonesia","IDN",270625567,0,0
"82","2020-02","Asia","Iran","IRN",82913893,388,34
"83","2020-02","Asia","Iraq","IRQ",39309789,7,0
"84","2020-02","Asia","Israel","ISR",8519373,7,0
"85","2020-02","Asia","Japan","JPN",126860299,216,3
"86","2020-02","Asia","Kuwait","KWT",4207077,45,0
"87","2020-02","Asia","Lebanon","LBN",6855709,3,0
"88","2020-02","Asia","Malaysia","MYS",31949789,17,0
"89","2020-02","Asia","Nepal","NPL",28608715,0,0
"90","2020-02","Asia","Oman","OMN",4974992,6,0
"91","2020-02","Asia","Pakistan","PAK",216565317,2,0
"92","2020-02","Asia","Philippines","PHL",108116622,2,1
"93","2020-02","Asia","Qatar","QAT",2832071,0,0
"94","2020-02","Asia","Singapore","SGP",5804343,85,0
"95","2020-02","Asia","South_Korea","KOR",51225321,2924,16
"96","2020-02","Asia","Sri_Lanka","LKA",21323734,0,0
"97","2020-02","Asia","Taiwan","CNG1925",23773881,30,1
"98","2020-02","Asia","Thailand","THA",69625581,28,0
"99","2020-02","Asia","United_Arab_Emirates","ARE",9770526,17,0
"100","2020-02","Asia","Vietnam","VNM",96462108,11,0
"101","2020-02","Europe","Armenia","ARM",2957728,0,0
"102","2020-02","Europe","Austria","AUT",8858775,7,0
"103","2020-02","Europe","Azerbaijan","AZE",10047719,1,0
"104","2020-02","Europe","Belarus","BLR",9452409,1,0
"105","2020-02","Europe","Belgium","BEL",11455519,1,0
"106","2020-02","Europe","Croatia","HRV",4076246,5,0
"107","2020-02","Europe","Czechia","CZE",10649800,0,0
"108","2020-02","Europe","Denmark","DNK",5806081,2,0
"109","2020-02","Europe","Estonia","EST",1324820,1,0
"110","2020-02","Europe","Finland","FIN",5517919,2,0
"111","2020-02","Europe","France","FRA",67012883,51,2
"112","2020-02","Europe","Georgia","GEO",3996762,2,0
"113","2020-02","Europe","Germany","DEU",83019213,52,0
"114","2020-02","Europe","Greece","GRC",10724599,4,0
"115","2020-02","Europe","Iceland","ISL",356991,1,0
"116","2020-02","Europe","Ireland","IRL",4904240,0,0
"117","2020-02","Europe","Italy","ITA",60359546,885,21
"118","2020-02","Europe","Lithuania","LTU",2794184,1,0
"119","2020-02","Europe","Luxembourg","LUX",613894,0,0
"120","2020-02","Europe","Monaco","MCO",33085,1,0
"121","2020-02","Europe","Netherlands","NLD",17282163,2,0
"122","2020-02","Europe","North_Macedonia","MKD",2077132,1,0
"123","2020-02","Europe","Norway","NOR",5328212,6,0
"124","2020-02","Europe","Romania","ROU",19414458,3,0
"125","2020-02","Europe","Russia","RUS",145872260,2,0
"126","2020-02","Europe","San_Marino","SMR",34453,1,0
"127","2020-02","Europe","Spain","ESP",46937060,54,0
"128","2020-02","Europe","Sweden","SWE",10230185,11,0
"129","2020-02","Europe","Switzerland","CHE",8544527,12,0
"130","2020-02","Europe","United_Kingdom","GBR",66647112,30,0
"131","2020-02","Oceania","Australia","AUS",25203200,18,0
"132","2020-02","Oceania","New_Zealand","NZL",4783062,1,0
"133","2020-03","Africa","Algeria","DZA",43053054,583,35
"134","2020-03","Africa","Angola","AGO",31825299,7,2
"135","2020-03","Africa","Benin","BEN",11801151,6,0
"136","2020-03","Africa","Burkina_Faso","BFA",20321383,222,12
"137","2020-03","Africa","Cameroon","CMR",25876387,142,2
"138","2020-03","Africa","Cape_Verde","CPV",549936,5,1
"139","2020-03","Africa","Central_African_Republic","CAF",4745179,6,0
"140","2020-03","Africa","Chad","TCD",15946882,7,0
"141","2020-03","Africa","Congo","COG",5380504,19,0
"142","2020-03","Africa","Cote_dIvoire","CIV",25716554,168,1
"143","2020-03","Africa","Democratic_Republic_of_the_Congo","COD",86790568,98,8
"144","2020-03","Africa","Djibouti","DJI",973557,26,0
"145","2020-03","Africa","Egypt","EGY",100388076,608,40
"146","2020-03","Africa","Equatorial_Guinea","GNQ",1355982,14,0
"147","2020-03","Africa","Eritrea","ERI",3497117,12,0
"148","2020-03","Africa","Eswatini","SWZ",1148133,9,0
"149","2020-03","Africa","Ethiopia","ETH",112078727,23,0
"150","2020-03","Africa","Gabon","GAB",2172578,7,1
"151","2020-03","Africa","Gambia","GMB",2347696,4,1
"152","2020-03","Africa","Ghana","GHA",30417858,152,5
"153","2020-03","Africa","Guinea","GIN",12771246,16,0
"154","2020-03","Africa","Guinea_Bissau","GNB",1920917,2,0
"155","2020-03","Africa","Kenya","KEN",52573967,50,1
"156","2020-03","Africa","Liberia","LBR",4937374,3,0
"157","2020-03","Africa","Libya","LBY",6777453,8,0
"158","2020-03","Africa","Madagascar","MDG",26969306,44,0
"159","2020-03","Africa","Mali","MLI",19658023,18,0
"160","2020-03","Africa","Mauritania","MRT",4525698,5,0
"161","2020-03","Africa","Mauritius","MUS",1269670,128,3
"162","2020-03","Africa","Morocco","MAR",36471766,556,33
"163","2020-03","Africa","Mozambique","MOZ",30366043,8,0
"164","2020-03","Africa","Namibia","NAM",2494524,11,0
"165","2020-03","Africa","Niger","NER",23310719,20,3
"166","2020-03","Africa","Nigeria","NGA",200963603,130,2
"167","2020-03","Africa","Rwanda","RWA",12626938,70,0
"168","2020-03","Africa","Senegal","SEN",16296362,162,0
"169","2020-03","Africa","Seychelles","SYC",97741,10,0
"170","2020-03","Africa","Somalia","SOM",15442906,3,0
"171","2020-03","Africa","South_Africa","ZAF",58558267,1326,3
"172","2020-03","Africa","Sudan","SDN",42813237,6,2
"173","2020-03","Africa","Togo","TGO",8082359,34,1
"174","2020-03","Africa","Tunisia","TUN",11694721,312,8
"175","2020-03","Africa","Uganda","UGA",44269587,33,0
"176","2020-03","Africa","United_Republic_of_Tanzania","TZA",58005461,19,1
"177","2020-03","Africa","Zambia","ZMB",17861034,35,0
"178","2020-03","Africa","Zimbabwe","ZWE",14645473,7,1
"179","2020-03","America","Anguilla","AIA",14872,2,0
"180","2020-03","America","Antigua_and_Barbuda","ATG",97115,7,0
"181","2020-03","America","Argentina","ARG",44780675,966,24
"182","2020-03","America","Aruba","ABW",106310,50,0
"183","2020-03","America","Bahamas","BHS",389486,14,0
"184","2020-03","America","Barbados","BRB",287021,34,0
"185","2020-03","America","Belize","BLZ",390351,3,0
"186","2020-03","America","Bermuda","BMU",62508,27,0
"187","2020-03","America","Bolivia","BOL",11513102,107,6
"188","2020-03","America","Brazil","BRA",211049519,4578,159
"189","2020-03","America","British_Virgin_Islands","VGB",30033,3,0
"190","2020-03","America","Canada","CAN",37411038,7408,89
"191","2020-03","America","Cayman_Islands","CYM",64948,12,1
"192","2020-03","America","Chile","CHL",18952035,2449,8
"193","2020-03","America","Colombia","COL",50339443,798,14
"194","2020-03","America","Costa_Rica","CRI",5047561,330,2
"195","2020-03","America","Cuba","CUB",11333484,170,4
"196","2020-03","America","Curacao","CUW",163423,9,1
"197","2020-03","America","Dominica","DMA",71808,11,0
"198","2020-03","America","Dominican_Republic","DOM",10738957,901,42
"199","2020-03","America","Ecuador","ECU",17373657,1966,62
"200","2020-03","America","El_Salvador","SLV",6453550,32,0
"201","2020-03","America","Greenland","GRL",56660,10,0
"202","2020-03","America","Grenada","GRD",112002,9,0
"203","2020-03","America","Guatemala","GTM",17581476,36,1
"204","2020-03","America","Guyana","GUY",782775,8,1
"205","2020-03","America","Haiti","HTI",11263079,15,0
"206","2020-03","America","Honduras","HND",9746115,141,7
"207","2020-03","America","Jamaica","JAM",2948277,38,1
"208","2020-03","America","Mexico","MEX",127575529,2432,28
"209","2020-03","America","Montserrat","MSF",4991,5,0
"210","2020-03","America","Nicaragua","NIC",6545503,4,1
"211","2020-03","America","Panama","PAN",4246440,1075,26
"212","2020-03","America","Paraguay","PRY",7044639,65,3
"213","2020-03","America","Peru","PER",32510462,950,24
"214","2020-03","America","Puerto_Rico","PRI",2933404,174,6
"215","2020-03","America","Saint_Kitts_and_Nevis","KNA",52834,7,0
"216","2020-03","America","Saint_Lucia","LCA",182795,9,0
"217","2020-03","America","Saint_Vincent_and_the_Grenadines","VCT",110593,1,0
"218","2020-03","America","Sint_Maarten","SXM",42389,3,0
"219","2020-03","America","Suriname","SUR",581363,8,0
"220","2020-03","America","Trinidad_and_Tobago","TTO",1394969,85,3
"221","2020-03","America","Turks_and_Caicos_islands","TCA",38194,5,0
"222","2020-03","America","United_States_of_America","USA",329064917,164554,3170
"223","2020-03","America","United_States_Virgin_Islands","VIR",104579,30,0
"224","2020-03","America","Uruguay","URY",3461731,324,1
"225","2020-03","America","Venezuela","VEN",28515829,135,3
"226","2020-03","Asia","Afghanistan","AFG",38041757,140,4
"227","2020-03","Asia","Bahrain","BHR",1641164,477,4
"228","2020-03","Asia","Bangladesh","BGD",163046173,49,5
"229","2020-03","Asia","Bhutan","BTN",763094,4,0
"230","2020-03","Asia","Brunei_Darussalam","BRN",433296,127,1
"231","2020-03","Asia","Cambodia","KHM",16486542,108,0
"232","2020-03","Asia","China","CHN",1433783692,2886,472
"233","2020-03","Asia","India","IND",1366417756,1248,32
"234","2020-03","Asia","Indonesia","IDN",270625567,1414,122
"235","2020-03","Asia","Iran","IRN",82913893,41107,2723
"236","2020-03","Asia","Iraq","IRQ",39309789,623,46
"237","2020-03","Asia","Israel","ISR",8519373,4466,17
"238","2020-03","Asia","Japan","JPN",126860299,1723,53
"239","2020-03","Asia","Jordan","JOR",10101697,268,5
"240","2020-03","Asia","Kazakhstan","KAZ",18551428,325,1
"241","2020-03","Asia","Kuwait","KWT",4207077,221,0
"242","2020-03","Asia","Kyrgyzstan","KGZ",6415851,84,0
"243","2020-03","Asia","Laos","LAO",7169456,9,0
"244","2020-03","Asia","Lebanon","LBN",6855709,443,11
"245","2020-03","Asia","Malaysia","MYS",31949789,2601,37
"246","2020-03","Asia","Maldives","MDV",530957,17,0
"247","2020-03","Asia","Mongolia","MNG",3225166,12,0
"248","2020-03","Asia","Myanmar","MMR",54045422,14,0
"249","2020-03","Asia","Nepal","NPL",28608715,4,0
"250","2020-03","Asia","Oman","OMN",4974992,173,0
"251","2020-03","Asia","Pakistan","PAK",216565317,1623,18
"252","2020-03","Asia","Palestine","PSE",4981422,115,1
"253","2020-03","Asia","Philippines","PHL",108116622,2081,87
"254","2020-03","Asia","Qatar","QAT",2832071,693,1
"255","2020-03","Asia","Saudi_Arabia","SAU",34268529,1453,8
"256","2020-03","Asia","Singapore","SGP",5804343,746,3
"257","2020-03","Asia","South_Korea","KOR",51225321,6855,147
"258","2020-03","Asia","Sri_Lanka","LKA",21323734,119,1
"259","2020-03","Asia","Syria","SYR",17070132,10,2
"260","2020-03","Asia","Taiwan","CNG1925",23773881,267,4
"261","2020-03","Asia","Thailand","THA",69625581,1609,10
"262","2020-03","Asia","Timor_Leste","TLS",1293120,1,0
"263","2020-03","Asia","United_Arab_Emirates","ARE",9770526,590,5
"264","2020-03","Asia","Uzbekistan","UZB",32981715,149,2
"265","2020-03","Asia","Vietnam","VNM",96462108,190,0
"266","2020-03","Europe","Albania","ALB",2862427,223,12
"267","2020-03","Europe","Andorra","AND",76177,370,8
"268","2020-03","Europe","Armenia","ARM",2957728,532,3
"269","2020-03","Europe","Austria","AUT",8858775,9611,108
"270","2020-03","Europe","Azerbaijan","AZE",10047719,272,4
"271","2020-03","Europe","Belarus","BLR",9452409,104,0
"272","2020-03","Europe","Belgium","BEL",11455519,15303,1170
"273","2020-03","Europe","Bosnia_and_Herzegovina","BIH",3300998,353,8
"274","2020-03","Europe","Bulgaria","BGR",7000039,359,8
"275","2020-03","Europe","Croatia","HRV",4076246,785,6
"276","2020-03","Europe","Cyprus","CYP",875899,230,7
"277","2020-03","Europe","Czechia","CZE",10649800,3002,24
"278","2020-03","Europe","Denmark","DNK",5806081,2575,77
"279","2020-03","Europe","Estonia","EST",1324820,714,3
"280","2020-03","Europe","Faroe_Islands","FRO",48677,168,0
"281","2020-03","Europe","Finland","FIN",5517919,1310,13
"282","2020-03","Europe","France","FRA",67012883,44493,3022
"283","2020-03","Europe","Georgia","GEO",3996762,96,0
"284","2020-03","Europe","Germany","DEU",83019213,61856,583
"285","2020-03","Europe","Gibraltar","GIB",33706,69,0
"286","2020-03","Europe","Greece","GRC",10724599,1208,43
"287","2020-03","Europe","Guernsey","GGY",64468,45,0
"288","2020-03","Europe","Holy_See","VAT",815,6,0
"289","2020-03","Europe","Hungary","HUN",9772756,492,16
"290","2020-03","Europe","Iceland","ISL",356991,1085,2
"291","2020-03","Europe","Ireland","IRL",4904240,2910,54
"292","2020-03","Europe","Isle_of_Man","IMN",84589,42,0
"293","2020-03","Europe","Italy","ITA",60359546,100851,11570
"294","2020-03","Europe","Jersey","JEY",107796,63,2
"295","2020-03","Europe","Kosovo","XKX",1798506,110,1
"296","2020-03","Europe","Latvia","LVA",1919968,376,0
"297","2020-03","Europe","Liechtenstein","LIE",38378,64,0
"298","2020-03","Europe","Lithuania","LTU",2794184,483,7
"299","2020-03","Europe","Luxembourg","LUX",613894,1988,22
"300","2020-03","Europe","Malta","MLT",493559,169,0
"301","2020-03","Europe","Moldova","MDA",4043258,298,2
"302","2020-03","Europe","Monaco","MCO",33085,35,0
"303","2020-03","Europe","Montenegro","MNE",622182,91,1
"304","2020-03","Europe","Netherlands","NLD",17282163,11748,864
"305","2020-03","Europe","North_Macedonia","MKD",2077132,284,7
"306","2020-03","Europe","Norway","NOR",5328212,4220,26
"307","2020-03","Europe","Poland","POL",37972812,2055,31
"308","2020-03","Europe","Portugal","PRT",10276617,6408,140
"309","2020-03","Europe","Romania","ROU",19414458,1949,44
"310","2020-03","Europe","Russia","RUS",145872260,1834,10
"311","2020-03","Europe","San_Marino","SMR",34453,228,25
"312","2020-03","Europe","Serbia","SRB",6963764,785,16
"313","2020-03","Europe","Slovakia","SVK",5450421,336,0
"314","2020-03","Europe","Slovenia","SVN",2080908,763,11
"315","2020-03","Europe","Spain","ESP",46937060,104213,7340
"316","2020-03","Europe","Sweden","SWE",10230185,4349,303
"317","2020-03","Europe","Switzerland","CHE",8544527,15400,295
"318","2020-03","Europe","Turkey","TUR",82003882,10827,168
"319","2020-03","Europe","Ukraine","UKR",43993643,480,11
"320","2020-03","Europe","United_Kingdom","GBR",66647112,29651,2050
"321","2020-03","Oceania","Australia","AUS",25203200,4532,19
"322","2020-03","Oceania","Fiji","FJI",889955,5,0
"323","2020-03","Oceania","French_Polynesia","PYF",279285,36,0
"324","2020-03","Oceania","Guam","GUM",167295,60,1
"325","2020-03","Oceania","New_Caledonia","NCL",282757,16,0
"326","2020-03","Oceania","New_Zealand","NZL",4783062,646,1
"327","2020-03","Oceania","Northern_Mariana_Islands","MNP",57213,2,0
"328","2020-03","Oceania","Papua_New_Guinea","PNG",8776119,1,0
"329","2020-04","Africa","Algeria","DZA",43053054,3264,409
"330","2020-04","Africa","Angola","AGO",31825299,20,0
"331","2020-04","Africa","Benin","BEN",11801151,63,2
"332","2020-04","Africa","Botswana","BWA",2303703,23,1
"333","2020-04","Africa","Burkina_Faso","BFA",20321383,419,31
"334","2020-04","Africa","Burundi","BDI",11530577,15,1
"335","2020-04","Africa","Cameroon","CMR",25876387,1690,59
"336","2020-04","Africa","Cape_Verde","CPV",549936,108,0
"337","2020-04","Africa","Central_African_Republic","CAF",4745179,44,0
"338","2020-04","Africa","Chad","TCD",15946882,45,2
"339","2020-04","Africa","Congo","COG",5380504,201,9
"340","2020-04","Africa","Cote_dIvoire","CIV",25716554,1070,13
"341","2020-04","Africa","Democratic_Republic_of_the_Congo","COD",86790568,402,23
"342","2020-04","Africa","Djibouti","DJI",973557,1051,2
"343","2020-04","Africa","Egypt","EGY",100388076,4659,340
"344","2020-04","Africa","Equatorial_Guinea","GNQ",1355982,301,1
"345","2020-04","Africa","Eritrea","ERI",3497117,27,0
"346","2020-04","Africa","Eswatini","SWZ",1148133,82,1
"347","2020-04","Africa","Ethiopia","ETH",112078727,107,3
"348","2020-04","Africa","Gabon","GAB",2172578,269,2
"349","2020-04","Africa","Gambia","GMB",2347696,7,0
"350","2020-04","Africa","Ghana","GHA",30417858,1519,11
"351","2020-04","Africa","Guinea","GIN",12771246,1335,7
"352","2020-04","Africa","Guinea_Bissau","GNB",1920917,75,1
"353","2020-04","Africa","Kenya","KEN",52573967,334,14
"354","2020-04","Africa","Liberia","LBR",4937374,138,16
"355","2020-04","Africa","Libya","LBY",6777453,53,2
"356","2020-04","Africa","Madagascar","MDG",26969306,84,0
"357","2020-04","Africa","Malawi","MWI",18628749,36,3
"358","2020-04","Africa","Mali","MLI",19658023,464,25
"359","2020-04","Africa","Mauritania","MRT",4525698,2,1
"360","2020-04","Africa","Mauritius","MUS",1269670,204,7
"361","2020-04","Africa","Morocco","MAR",36471766,3765,135
"362","2020-04","Africa","Mozambique","MOZ",30366043,68,0
"363","2020-04","Africa","Namibia","NAM",2494524,5,0
"364","2020-04","Africa","Niger","NER",23310719,693,29
"365","2020-04","Africa","Nigeria","NGA",200963603,1597,49
"366","2020-04","Africa","Rwanda","RWA",12626938,155,0
"367","2020-04","Africa","Sao_Tome_and_Principe","STP",215048,14,0
"368","2020-04","Africa","Senegal","SEN",16296362,720,9
"369","2020-04","Africa","Seychelles","SYC",97741,1,0
"370","2020-04","Africa","Sierra_Leone","SLE",7813207,116,4
"371","2020-04","Africa","Somalia","SOM",15442906,579,28
"372","2020-04","Africa","South_Africa","ZAF",58558267,4024,100
"373","2020-04","Africa","South_Sudan","SSD",11062114,34,0
"374","2020-04","Africa","Sudan","SDN",42813237,369,26
"375","2020-04","Africa","Togo","TGO",8082359,75,6
"376","2020-04","Africa","Tunisia","TUN",11694721,668,32
"377","2020-04","Africa","Uganda","UGA",44269587,48,0
"378","2020-04","Africa","United_Republic_of_Tanzania","TZA",58005461,461,15
"379","2020-04","Africa","Western_Sahara","ESH",582458,6,0
"380","2020-04","Africa","Zambia","ZMB",17861034,62,3
"381","2020-04","Africa","Zimbabwe","ZWE",14645473,27,3
"382","2020-04","America","Anguilla","AIA",14872,1,0
"383","2020-04","America","Antigua_and_Barbuda","ATG",97115,17,3
"384","2020-04","America","Argentina","ARG",44780675,3306,190
"385","2020-04","America","Aruba","ABW",106310,50,2
"386","2020-04","America","Bahamas","BHS",389486,66,11
"387","2020-04","America","Barbados","BRB",287021,46,7
"388","2020-04","America","Belize","BLZ",390351,15,2
"389","2020-04","America","Bermuda","BMU",62508,84,6
"390","2020-04","America","Bolivia","BOL",11513102,1003,53
"391","2020-04","America","Bonaire, Saint Eustatius and Saba","BES",25983,6,0
"392","2020-04","America","Brazil","BRA",211049519,73583,5307
"393","2020-04","America","British_Virgin_Islands","VGB",30033,3,1
"394","2020-04","America","Canada","CAN",37411038,44163,2907
"395","2020-04","America","Cayman_Islands","CYM",64948,61,0
"396","2020-04","America","Chile","CHL",18952035,12436,208
"397","2020-04","America","Colombia","COL",50339443,5413,264
"398","2020-04","America","Costa_Rica","CRI",5047561,383,4
"399","2020-04","America","Cuba","CUB",11333484,1297,54
"400","2020-04","America","Curacao","CUW",163423,7,0
"401","2020-04","America","Dominica","DMA",71808,5,0
"402","2020-04","America","Dominican_Republic","DOM",10738957,5751,251
"403","2020-04","America","Ecuador","ECU",17373657,22709,821
"404","2020-04","America","El_Salvador","SLV",6453550,345,9
"405","2020-04","America","Falkland_Islands_(Malvinas)","FLK",3372,13,0
"406","2020-04","America","Greenland","GRL",56660,1,0
"407","2020-04","America","Grenada","GRD",112002,11,0
"408","2020-04","America","Guatemala","GTM",17581476,549,15
"409","2020-04","America","Guyana","GUY",782775,70,7
"410","2020-04","America","Haiti","HTI",11263079,61,6
"411","2020-04","America","Honduras","HND",9746115,630,64
"412","2020-04","America","Jamaica","JAM",2948277,358,6
"413","2020-04","America","Mexico","MEX",127575529,25776,1704
"414","2020-04","America","Montserrat","MSF",4991,6,1
"415","2020-04","America","Nicaragua","NIC",6545503,10,3
"416","2020-04","America","Panama","PAN",4246440,5303,152
"417","2020-04","America","Paraguay","PRY",7044639,184,6
"418","2020-04","America","Peru","PER",32510462,32981,919
"419","2020-04","America","Puerto_Rico","PRI",2933404,1259,80
"420","2020-04","America","Saint_Kitts_and_Nevis","KNA",52834,8,0
"421","2020-04","America","Saint_Lucia","LCA",182795,8,0
"422","2020-04","America","Saint_Vincent_and_the_Grenadines","VCT",110593,15,0
"423","2020-04","America","Sint_Maarten","SXM",42389,73,13
"424","2020-04","America","Suriname","SUR",581363,2,1
"425","2020-04","America","Trinidad_and_Tobago","TTO",1394969,31,5
"426","2020-04","America","Turks_and_Caicos_islands","TCA",38194,7,1
"427","2020-04","America","United_States_of_America","USA",329064917,875289,57796
"428","2020-04","America","United_States_Virgin_Islands","VIR",104579,36,4
"429","2020-04","America","Uruguay","URY",3461731,306,14
"430","2020-04","America","Venezuela","VEN",28515829,196,7
"431","2020-04","Asia","Afghanistan","AFG",38041757,1808,56
"432","2020-04","Asia","Bahrain","BHR",1641164,2406,4
"433","2020-04","Asia","Bangladesh","BGD",163046173,7054,158
"434","2020-04","Asia","Bhutan","BTN",763094,3,0
"435","2020-04","Asia","Brunei_Darussalam","BRN",433296,11,0
"436","2020-04","Asia","Cambodia","KHM",16486542,13,0
"437","2020-04","Asia","China","CHN",1433783692,1703,1328
"438","2020-04","Asia","India","IND",1366417756,31799,1042
"439","2020-04","Asia","Indonesia","IDN",270625567,8357,662
"440","2020-04","Asia","Iran","IRN",82913893,52162,3200
"441","2020-04","Asia","Iraq","IRQ",39309789,1373,46
"442","2020-04","Asia","Israel","ISR",8519373,11361,198
"443","2020-04","Asia","Japan","JPN",126860299,12135,359
"444","2020-04","Asia","Jordan","JOR",10101697,183,3
"445","2020-04","Asia","Kazakhstan","KAZ",18551428,2880,24
"446","2020-04","Asia","Kuwait","KWT",4207077,3474,24
"447","2020-04","Asia","Kyrgyzstan","KGZ",6415851,662,8
"448","2020-04","Asia","Laos","LAO",7169456,10,0
"449","2020-04","Asia","Lebanon","LBN",6855709,275,13
"450","2020-04","Asia","Malaysia","MYS",31949789,3319,63
"451","2020-04","Asia","Maldives","MDV",530957,260,0
"452","2020-04","Asia","Mongolia","MNG",3225166,26,0
"453","2020-04","Asia","Myanmar","MMR",54045422,136,6
"454","2020-04","Asia","Nepal","NPL",28608715,52,0
"455","2020-04","Asia","Oman","OMN",4974992,2095,10
"456","2020-04","Asia","Pakistan","PAK",216565317,14134,328
"457","2020-04","Asia","Palestine","PSE",4981422,392,1
"458","2020-04","Asia","Philippines","PHL",108116622,6128,470
"459","2020-04","Asia","Qatar","QAT",2832071,11871,9
"460","2020-04","Asia","Saudi_Arabia","SAU",34268529,19949,149
"461","2020-04","Asia","Singapore","SGP",5804343,14797,11
"462","2020-04","Asia","South_Korea","KOR",51225321,979,84
"463","2020-04","Asia","Sri_Lanka","LKA",21323734,529,6
"464","2020-04","Asia","Syria","SYR",17070132,33,1
"465","2020-04","Asia","Taiwan","CNG1925",23773881,123,1
"466","2020-04","Asia","Thailand","THA",69625581,1303,44
"467","2020-04","Asia","Timor_Leste","TLS",1293120,23,0
"468","2020-04","Asia","United_Arab_Emirates","ARE",9770526,11318,93
"469","2020-04","Asia","Uzbekistan","UZB",32981715,1853,7
"470","2020-04","Asia","Vietnam","VNM",96462108,64,0
"471","2020-04","Asia","Yemen","YEM",29161922,6,0
"472","2020-04","Europe","Albania","ALB",2862427,543,19
"473","2020-04","Europe","Andorra","AND",76177,373,34
"474","2020-04","Europe","Armenia","ARM",2957728,1534,29
"475","2020-04","Europe","Austria","AUT",8858775,5746,472
"476","2020-04","Europe","Azerbaijan","AZE",10047719,1493,19
"477","2020-04","Europe","Belarus","BLR",9452409,13076,84
"478","2020-04","Europe","Belgium","BEL",11455519,34666,6609
"479","2020-04","Europe","Bosnia_and_Herzegovina","BIH",3300998,1336,56
"480","2020-04","Europe","Bulgaria","BGR",7000039,1088,56
"481","2020-04","Europe","Croatia","HRV",4076246,1272,61
"482","2020-04","Europe","Cyprus","CYP",875899,613,8
"483","2020-04","Europe","Czechia","CZE",10649800,4577,203
"484","2020-04","Europe","Denmark","DNK",5806081,6431,366
"485","2020-04","Europe","Estonia","EST",1324820,951,47
"486","2020-04","Europe","Faroe_Islands","FRO",48677,19,0
"487","2020-04","Europe","Finland","FIN",5517919,3593,193
"488","2020-04","Europe","France","FRA",67012883,83892,21063
"489","2020-04","Europe","Georgia","GEO",3996762,419,6
"490","2020-04","Europe","Germany","DEU",83019213,97206,5705
"491","2020-04","Europe","Gibraltar","GIB",33706,72,0
"492","2020-04","Europe","Greece","GRC",10724599,1364,96
"493","2020-04","Europe","Guernsey","GGY",64468,206,13
"494","2020-04","Europe","Holy_See","VAT",815,4,0
"495","2020-04","Europe","Hungary","HUN",9772756,2283,296
"496","2020-04","Europe","Iceland","ISL",356991,711,8
"497","2020-04","Europe","Ireland","IRL",4904240,17343,1136
"498","2020-04","Europe","Isle_of_Man","IMN",84589,271,21
"499","2020-04","Europe","Italy","ITA",60359546,101852,16091
"500","2020-04","Europe","Jersey","JEY",107796,223,19
"501","2020-04","Europe","Kosovo","XKX",1798506,698,20
"502","2020-04","Europe","Latvia","LVA",1919968,473,15
"503","2020-04","Europe","Liechtenstein","LIE",38378,19,1
"504","2020-04","Europe","Lithuania","LTU",2794184,996,35
"505","2020-04","Europe","Luxembourg","LUX",613894,1781,67
"506","2020-04","Europe","Malta","MLT",493559,295,4
"507","2020-04","Europe","Moldova","MDA",4043258,3473,109
"508","2020-04","Europe","Monaco","MCO",33085,30,1
"509","2020-04","Europe","Montenegro","MNE",622182,231,6
"510","2020-04","Europe","Netherlands","NLD",17282163,27052,3847
"511","2020-04","Europe","North_Macedonia","MKD",2077132,1157,66
"512","2020-04","Europe","Norway","NOR",5328212,3441,176
"513","2020-04","Europe","Poland","POL",37972812,10585,593
"514","2020-04","Europe","Portugal","PRT",10276617,18284,849
"515","2020-04","Europe","Romania","ROU",19414458,10026,631
"516","2020-04","Europe","Russia","RUS",145872260,97563,962
"517","2020-04","Europe","San_Marino","SMR",34453,334,16
"518","2020-04","Europe","Serbia","SRB",6963764,7939,157
"519","2020-04","Europe","Slovakia","SVK",5450421,1055,22
"520","2020-04","Europe","Slovenia","SVN",2080908,655,78
"521","2020-04","Europe","Spain","ESP",46937060,111629,16793
"522","2020-04","Europe","Sweden","SWE",10230185,16608,2514
"523","2020-04","Europe","Switzerland","CHE",8544527,13912,1112
"524","2020-04","Europe","Turkey","TUR",82003882,106762,2913
"525","2020-04","Europe","Ukraine","UKR",43993643,9386,239
"526","2020-04","Europe","United_Kingdom","GBR",66647112,137469,23999
"527","2020-04","Oceania","Australia","AUS",25203200,2189,71
"528","2020-04","Oceania","Fiji","FJI",889955,13,0
"529","2020-04","Oceania","French_Polynesia","PYF",279285,22,0
"530","2020-04","Oceania","Guam","GUM",167295,85,4
"531","2020-04","Oceania","New_Caledonia","NCL",282757,2,0
"532","2020-04","Oceania","New_Zealand","NZL",4783062,482,18
"533","2020-04","Oceania","Northern_Mariana_Islands","MNP",57213,12,2
"534","2020-04","Oceania","Papua_New_Guinea","PNG",8776119,7,0
"535","2020-05","Africa","Algeria","DZA",43053054,5419,202
"536","2020-05","Africa","Angola","AGO",31825299,57,2
"537","2020-05","Africa","Benin","BEN",11801151,372,1
"538","2020-05","Africa","Botswana","BWA",2303703,12,0
"539","2020-05","Africa","Burkina_Faso","BFA",20321383,212,10
"540","2020-05","Africa","Burundi","BDI",11530577,27,0
"541","2020-05","Africa","Cameroon","CMR",25876387,4072,130
"542","2020-05","Africa","Cape_Verde","CPV",549936,308,3
"543","2020-05","Africa","Central_African_Republic","CAF",4745179,912,1
"544","2020-05","Africa","Chad","TCD",15946882,707,63
"545","2020-05","Africa","Comoros","COM",850891,106,2
"546","2020-05","Africa","Congo","COG",5380504,367,10
"547","2020-05","Africa","Cote_dIvoire","CIV",25716554,1561,19
"548","2020-05","Africa","Democratic_Republic_of_the_Congo","COD",86790568,2466,38
"549","2020-05","Africa","Djibouti","DJI",973557,2117,20
"550","2020-05","Africa","Egypt","EGY",100388076,18181,533
"551","2020-05","Africa","Equatorial_Guinea","GNQ",1355982,991,11
"552","2020-05","Africa","Eritrea","ERI",3497117,0,0
"553","2020-05","Africa","Eswatini","SWZ",1148133,192,1
"554","2020-05","Africa","Ethiopia","ETH",112078727,933,5
"555","2020-05","Africa","Gabon","GAB",2172578,2379,14
"556","2020-05","Africa","Gambia","GMB",2347696,14,0
"557","2020-05","Africa","Ghana","GHA",30417858,6097,19
"558","2020-05","Africa","Guinea","GIN",12771246,2355,16
"559","2020-05","Africa","Guinea_Bissau","GNB",1920917,1179,7
"560","2020-05","Africa","Kenya","KEN",52573967,1504,48
"561","2020-05","Africa","Lesotho","LSO",2125267,2,0
"562","2020-05","Africa","Liberia","LBR",4937374,139,11
"563","2020-05","Africa","Libya","LBY",6777453,69,3
"564","2020-05","Africa","Madagascar","MDG",26969306,630,6
"565","2020-05","Africa","Malawi","MWI",18628749,243,1
"566","2020-05","Africa","Mali","MLI",19658023,768,51
"567","2020-05","Africa","Mauritania","MRT",4525698,476,20
"568","2020-05","Africa","Mauritius","MUS",1269670,3,0
"569","2020-05","Africa","Morocco","MAR",36471766,3459,36
"570","2020-05","Africa","Mozambique","MOZ",30366043,168,2
"571","2020-05","Africa","Namibia","NAM",2494524,7,0
"572","2020-05","Africa","Niger","NER",23310719,243,32
"573","2020-05","Africa","Nigeria","NGA",200963603,8127,222
"574","2020-05","Africa","Rwanda","RWA",12626938,134,1
"575","2020-05","Africa","Sao_Tome_and_Principe","STP",215048,465,12
"576","2020-05","Africa","Senegal","SEN",16296362,2653,33
"577","2020-05","Africa","Seychelles","SYC",97741,0,0
"578","2020-05","Africa","Sierra_Leone","SLE",7813207,736,42
"579","2020-05","Africa","Somalia","SOM",15442906,1334,45
"580","2020-05","Africa","South_Africa","ZAF",58558267,25617,540
"581","2020-05","Africa","South_Sudan","SSD",11062114,960,10
"582","2020-05","Africa","Sudan","SDN",42813237,4425,234
"583","2020-05","Africa","Togo","TGO",8082359,324,6
"584","2020-05","Africa","Tunisia","TUN",11694721,96,8
"585","2020-05","Africa","Uganda","UGA",44269587,447,0
"586","2020-05","Africa","United_Republic_of_Tanzania","TZA",58005461,29,5
"587","2020-05","Africa","Western_Sahara","ESH",582458,17,1
"588","2020-05","Africa","Zambia","ZMB",17861034,960,4
"589","2020-05","Africa","Zimbabwe","ZWE",14645473,140,0
"590","2020-05","America","Anguilla","AIA",14872,0,0
"591","2020-05","America","Antigua_and_Barbuda","ATG",97115,1,0
"592","2020-05","America","Argentina","ARG",44780675,11929,314
"593","2020-05","America","Aruba","ABW",106310,1,1
"594","2020-05","America","Bahamas","BHS",389486,22,0
"595","2020-05","America","Barbados","BRB",287021,12,0
"596","2020-05","America","Belize","BLZ",390351,0,0
"597","2020-05","America","Bermuda","BMU",62508,29,3
"598","2020-05","America","Bolivia","BOL",11513102,8482,251
"599","2020-05","America","Bonaire, Saint Eustatius and Saba","BES",25983,1,0
"600","2020-05","America","Brazil","BRA",211049519,420278,23368
"601","2020-05","America","British_Virgin_Islands","VGB",30033,2,0
"602","2020-05","America","Canada","CAN",37411038,38592,4077
"603","2020-05","America","Cayman_Islands","CYM",64948,68,0
"604","2020-05","America","Chile","CHL",18952035,79973,781
"605","2020-05","America","Colombia","COL",50339443,22025,612
"606","2020-05","America","Costa_Rica","CRI",5047561,334,4
"607","2020-05","America","Cuba","CUB",11333484,558,25
"608","2020-05","America","Curacao","CUW",163423,3,0
"609","2020-05","America","Dominica","DMA",71808,0,0
"610","2020-05","America","Dominican_Republic","DOM",10738957,10256,205
"611","2020-05","America","Ecuador","ECU",17373657,17887,2334
"612","2020-05","America","El_Salvador","SLV",6453550,2140,37
"613","2020-05","America","Falkland_Islands_(Malvinas)","FLK",3372,0,0
"614","2020-05","America","Greenland","GRL",56660,2,0
"615","2020-05","America","Grenada","GRD",112002,3,0
"616","2020-05","America","Guatemala","GTM",17581476,4154,86
"617","2020-05","America","Guyana","GUY",782775,74,4
"618","2020-05","America","Haiti","HTI",11263079,1789,35
"619","2020-05","America","Honduras","HND",9746115,4323,130
"620","2020-05","America","Jamaica","JAM",2948277,185,2
"621","2020-05","America","Mexico","MEX",127575529,87607,8047
"622","2020-05","America","Montserrat","MSF",4991,0,0
"623","2020-05","America","Nicaragua","NIC",6545503,745,31
"624","2020-05","America","Panama","PAN",4246440,6640,152
"625","2020-05","America","Paraguay","PRY",7044639,715,2
"626","2020-05","America","Peru","PER",32510462,121740,3428
"627","2020-05","America","Puerto_Rico","PRI",2933404,2285,47
"628","2020-05","America","Saint_Kitts_and_Nevis","KNA",52834,0,0
"629","2020-05","America","Saint_Lucia","LCA",182795,1,0
"630","2020-05","America","Saint_Vincent_and_the_Grenadines","VCT",110593,10,0
"631","2020-05","America","Sint_Maarten","SXM",42389,1,2
"632","2020-05","America","Suriname","SUR",581363,4,0
"633","2020-05","America","Trinidad_and_Tobago","TTO",1394969,1,0
"634","2020-05","America","Turks_and_Caicos_islands","TCA",38194,0,0
"635","2020-05","America","United_States_of_America","USA",329064917,730475,42815
"636","2020-05","America","United_States_Virgin_Islands","VIR",104579,3,2
"637","2020-05","America","Uruguay","URY",3461731,191,7
"638","2020-05","America","Venezuela","VEN",28515829,1128,4
"639","2020-05","Asia","Afghanistan","AFG",38041757,12576,189
"640","2020-05","Asia","Bahrain","BHR",1641164,7872,9
"641","2020-05","Asia","Bangladesh","BGD",163046173,37505,447
"642","2020-05","Asia","Bhutan","BTN",763094,36,0
"643","2020-05","Asia","Brunei_Darussalam","BRN",433296,3,1
"644","2020-05","Asia","Cambodia","KHM",16486542,3,0
"645","2020-05","Asia","China","CHN",1433783692,184,1
"646","2020-05","Asia","India","IND",1366417756,149093,4090
"647","2020-05","Asia","Indonesia","IDN",270625567,16002,789
"648","2020-05","Asia","Iran","IRN",82913893,55293,1777
"649","2020-05","Asia","Iraq","IRQ",39309789,4176,103
"650","2020-05","Asia","Israel","ISR",8519373,1178,69
"651","2020-05","Asia","Japan","JPN",126860299,2763,476
"652","2020-05","Asia","Jordan","JOR",10101697,283,1
"653","2020-05","Asia","Kazakhstan","KAZ",18551428,7653,13
"654","2020-05","Asia","Kuwait","KWT",4207077,22452,181
"655","2020-05","Asia","Kyrgyzstan","KGZ",6415851,1002,8
"656","2020-05","Asia","Laos","LAO",7169456,0,0
"657","2020-05","Asia","Lebanon","LBN",6855709,470,2
"658","2020-05","Asia","Malaysia","MYS",31949789,1817,15
"659","2020-05","Asia","Maldives","MDV",530957,1395,5
"660","2020-05","Asia","Mongolia","MNG",3225166,141,0
"661","2020-05","Asia","Myanmar","MMR",54045422,74,0
"662","2020-05","Asia","Nepal","NPL",28608715,1344,6
"663","2020-05","Asia","Oman","OMN",4974992,8149,32
"664","2020-05","Asia","Pakistan","PAK",216565317,53737,1137
"665","2020-05","Asia","Palestine","PSE",4981422,119,3
"666","2020-05","Asia","Philippines","PHL",108116622,9012,392
"667","2020-05","Asia","Qatar","QAT",2832071,42698,26
"668","2020-05","Asia","Saudi_Arabia","SAU",34268529,61982,323
"669","2020-05","Asia","Singapore","SGP",5804343,18725,9
"670","2020-05","Asia","South_Korea","KOR",51225321,703,23
"671","2020-05","Asia","Sri_Lanka","LKA",21323734,971,3
"672","2020-05","Asia","Syria","SYR",17070132,79,1
"673","2020-05","Asia","Taiwan","CNG1925",23773881,13,1
"674","2020-05","Asia","Tajikistan","TJK",9321023,3807,47
"675","2020-05","Asia","Thailand","THA",69625581,127,3
"676","2020-05","Asia","Timor_Leste","TLS",1293120,0,0
"677","2020-05","Asia","United_Arab_Emirates","ARE",9770526,21967,164
"678","2020-05","Asia","Uzbekistan","UZB",32981715,1552,5
"679","2020-05","Asia","Vietnam","VNM",96462108,57,0
"680","2020-05","Asia","Yemen","YEM",29161922,304,77
"681","2020-05","Europe","Albania","ALB",2862427,356,2
"682","2020-05","Europe","Andorra","AND",76177,21,9
"683","2020-05","Europe","Armenia","ARM",2957728,7216,99
"684","2020-05","Europe","Austria","AUT",8858775,1274,88
"685","2020-05","Europe","Azerbaijan","AZE",10047719,3480,38
"686","2020-05","Europe","Belarus","BLR",9452409,28477,145
"687","2020-05","Europe","Belgium","BEL",11455519,8978,1576
"688","2020-05","Europe","Bosnia_and_Herzegovina","BIH",3300998,804,88
"689","2020-05","Europe","Bulgaria","BGR",7000039,1066,76
"690","2020-05","Europe","Croatia","HRV",4076246,184,36
"691","2020-05","Europe","Cyprus","CYP",875899,100,2
"692","2020-05","Europe","Czechia","CZE",10649800,1651,92
"693","2020-05","Europe","Denmark","DNK",5806081,2625,128
"694","2020-05","Europe","Estonia","EST",1324820,199,13
"695","2020-05","Europe","Faroe_Islands","FRO",48677,0,0
"696","2020-05","Europe","Finland","FIN",5517919,1920,110
"697","2020-05","Europe","France","FRA",67012883,23054,4684
"698","2020-05","Europe","Georgia","GEO",3996762,240,6
"699","2020-05","Europe","Germany","DEU",83019213,22363,2212
"700","2020-05","Europe","Gibraltar","GIB",33706,20,0
"701","2020-05","Europe","Greece","GRC",10724599,339,36
"702","2020-05","Europe","Guernsey","GGY",64468,1,0
"703","2020-05","Europe","Holy_See","VAT",815,2,0
"704","2020-05","Europe","Hungary","HUN",9772756,1092,212
"705","2020-05","Europe","Iceland","ISL",356991,9,0
"706","2020-05","Europe","Ireland","IRL",4904240,4676,460
"707","2020-05","Europe","Isle_of_Man","IMN",84589,23,3
"708","2020-05","Europe","Italy","ITA",60359546,29073,5658
"709","2020-05","Europe","Jersey","JEY",107796,22,8
"710","2020-05","Europe","Kosovo","XKX",1798506,262,9
"711","2020-05","Europe","Latvia","LVA",1919968,216,9
"712","2020-05","Europe","Liechtenstein","LIE",38378,0,0
"713","2020-05","Europe","Lithuania","LTU",2794184,295,25
"714","2020-05","Europe","Luxembourg","LUX",613894,247,21
"715","2020-05","Europe","Malta","MLT",493559,153,5
"716","2020-05","Europe","Moldova","MDA",4043258,4327,180
"717","2020-05","Europe","Monaco","MCO",33085,1,0
"718","2020-05","Europe","Montenegro","MNE",622182,2,2
"719","2020-05","Europe","Netherlands","NLD",17282163,7455,1240
"720","2020-05","Europe","North_Macedonia","MKD",2077132,722,58
"721","2020-05","Europe","Norway","NOR",5328212,744,34
"722","2020-05","Europe","Poland","POL",37972812,10931,437
"723","2020-05","Europe","Portugal","PRT",10276617,7672,391
"724","2020-05","Europe","Romania","ROU",19414458,7155,578
"725","2020-05","Europe","Russia","RUS",145872260,297176,3583
"726","2020-05","Europe","San_Marino","SMR",34453,117,1
"727","2020-05","Europe","Serbia","SRB",6963764,2657,69
"728","2020-05","Europe","Slovakia","SVK",5450421,130,6
"729","2020-05","Europe","Slovenia","SVN",2080908,55,19
"730","2020-05","Europe","Spain","ESP",46937060,24618,4502
"731","2020-05","Europe","Sweden","SWE",10230185,17423,1783
"732","2020-05","Europe","Switzerland","CHE",8544527,1438,249
"733","2020-05","Europe","Turkey","TUR",82003882,45514,1434
"734","2020-05","Europe","Ukraine","UKR",43993643,13338,446
"735","2020-05","Europe","United_Kingdom","GBR",66647112,87240,11336
"736","2020-05","Oceania","Australia","AUS",25203200,439,12
"737","2020-05","Oceania","Fiji","FJI",889955,0,0
"738","2020-05","Oceania","French_Polynesia","PYF",279285,2,0
"739","2020-05","Oceania","Guam","GUM",167295,28,0
"740","2020-05","Oceania","New_Caledonia","NCL",282757,1,0
"741","2020-05","Oceania","New_Zealand","NZL",4783062,25,3
"742","2020-05","Oceania","Northern_Mariana_Islands","MNP",57213,8,0
"743","2020-05","Oceania","Papua_New_Guinea","PNG",8776119,0,0
"744","2020-06","Africa","Algeria","DZA",43053054,4304,259
"745","2020-06","Africa","Angola","AGO",31825299,192,7
"746","2020-06","Africa","Benin","BEN",11801151,955,16
"747","2020-06","Africa","Botswana","BWA",2303703,140,0
"748","2020-06","Africa","Burkina_Faso","BFA",20321383,106,0
"749","2020-06","Africa","Burundi","BDI",11530577,128,0
"750","2020-06","Africa","Cameroon","CMR",25876387,6688,122
"751","2020-06","Africa","Cape_Verde","CPV",549936,744,8
"752","2020-06","Africa","Central_African_Republic","CAF",4745179,2651,46
"753","2020-06","Africa","Chad","TCD",15946882,107,9
"754","2020-06","Africa","Comoros","COM",850891,166,5
"755","2020-06","Africa","Congo","COG",5380504,658,21
"756","2020-06","Africa","Cote_dIvoire","CIV",25716554,6415,33
"757","2020-06","Africa","Democratic_Republic_of_the_Congo","COD",86790568,3973,98
"758","2020-06","Africa","Djibouti","DJI",973557,1462,31
"759","2020-06","Africa","Egypt","EGY",100388076,43305,1959
"760","2020-06","Africa","Equatorial_Guinea","GNQ",1355982,695,20
"761","2020-06","Africa","Eritrea","ERI",3497117,152,0
"762","2020-06","Africa","Eswatini","SWZ",1148133,512,9
"763","2020-06","Africa","Ethiopia","ETH",112078727,4783,95
"764","2020-06","Africa","Gabon","GAB",2172578,2739,25
"765","2020-06","Africa","Gambia","GMB",2347696,22,1
"766","2020-06","Africa","Ghana","GHA",30417858,9583,77
"767","2020-06","Africa","Guinea","GIN",12771246,1645,8
"768","2020-06","Africa","Guinea_Bissau","GNB",1920917,358,13
"769","2020-06","Africa","Kenya","KEN",52573967,4302,81
"770","2020-06","Africa","Lesotho","LSO",2125267,25,0
"771","2020-06","Africa","Liberia","LBR",4937374,490,9
"772","2020-06","Africa","Libya","LBY",6777453,632,16
"773","2020-06","Africa","Madagascar","MDG",26969306,1380,14
"774","2020-06","Africa","Malawi","MWI",18628749,945,10
"775","2020-06","Africa","Mali","MLI",19658023,923,39
"776","2020-06","Africa","Mauritania","MRT",4525698,3666,105
"777","2020-06","Africa","Mauritius","MUS",1269670,6,0
"778","2020-06","Africa","Morocco","MAR",36471766,4510,21
"779","2020-06","Africa","Mozambique","MOZ",30366043,639,4
"780","2020-06","Africa","Namibia","NAM",2494524,173,0
"781","2020-06","Africa","Niger","NER",23310719,119,3
"782","2020-06","Africa","Nigeria","NGA",200963603,15278,300
"783","2020-06","Africa","Rwanda","RWA",12626938,642,1
"784","2020-06","Africa","Sao_Tome_and_Principe","STP",215048,234,1
"785","2020-06","Africa","Senegal","SEN",16296362,3163,66
"786","2020-06","Africa","Seychelles","SYC",97741,0,0
"787","2020-06","Africa","Sierra_Leone","SLE",7813207,598,14
"788","2020-06","Africa","Somalia","SOM",15442906,988,17
"789","2020-06","Africa","South_Africa","ZAF",58558267,113297,1886
"790","2020-06","Africa","South_Sudan","SSD",11062114,1012,27
"791","2020-06","Africa","Sudan","SDN",42813237,4458,310
"792","2020-06","Africa","Togo","TGO",8082359,210,1
"793","2020-06","Africa","Tunisia","TUN",11694721,96,2
"794","2020-06","Africa","Uganda","UGA",44269587,458,0
"795","2020-06","Africa","United_Republic_of_Tanzania","TZA",58005461,0,0
"796","2020-06","Africa","Western_Sahara","ESH",582458,185,0
"797","2020-06","Africa","Zambia","ZMB",17861034,511,15
"798","2020-06","Africa","Zimbabwe","ZWE",14645473,400,3
"799","2020-06","America","Anguilla","AIA",14872,0,0
"800","2020-06","America","Antigua_and_Barbuda","ATG",97115,41,0
"801","2020-06","America","Argentina","ARG",44780675,46054,752
"802","2020-06","America","Aruba","ABW",106310,2,0
"803","2020-06","America","Bahamas","BHS",389486,2,0
"804","2020-06","America","Barbados","BRB",287021,5,0
"805","2020-06","America","Belize","BLZ",390351,6,0
"806","2020-06","America","Bermuda","BMU",62508,6,0
"807","2020-06","America","Bolivia","BOL",11513102,22533,761
"808","2020-06","America","Bonaire, Saint Eustatius and Saba","BES",25983,0,0
"809","2020-06","America","Brazil","BRA",211049519,869755,29480
"810","2020-06","America","British_Virgin_Islands","VGB",30033,0,0
"811","2020-06","America","Canada","CAN",37411038,13728,1493
"812","2020-06","America","Cayman_Islands","CYM",64948,58,0
"813","2020-06","America","Chile","CHL",18952035,181141,4578
"814","2020-06","America","Colombia","COL",50339443,66807,2333
"815","2020-06","America","Costa_Rica","CRI",5047561,2222,5
"816","2020-06","America","Cuba","CUB",11333484,315,3
"817","2020-06","America","Curacao","CUW",163423,5,0
"818","2020-06","America","Dominica","DMA",71808,2,0
"819","2020-06","America","Dominican_Republic","DOM",10738957,14908,235
"820","2020-06","America","Ecuador","ECU",17373657,17094,1168
"821","2020-06","America","El_Salvador","SLV",6453550,3656,118
"822","2020-06","America","Falkland_Islands_(Malvinas)","FLK",3372,0,0
"823","2020-06","America","Greenland","GRL",56660,0,0
"824","2020-06","America","Grenada","GRD",112002,0,0
"825","2020-06","America","Guatemala","GTM",17581476,12670,644
"826","2020-06","America","Guyana","GUY",782775,83,0
"827","2020-06","America","Haiti","HTI",11263079,4068,64
"828","2020-06","America","Honduras","HND",9746115,13724,284
"829","2020-06","America","Jamaica","JAM",2948277,117,1
"830","2020-06","America","Mexico","MEX",127575529,149681,17342
"831","2020-06","America","Montserrat","MSF",4991,0,0
"832","2020-06","America","Nicaragua","NIC",6545503,1411,39
"833","2020-06","America","Panama","PAN",4246440,19767,290
"834","2020-06","America","Paraguay","PRY",7044639,1227,5
"835","2020-06","America","Peru","PER",32510462,126694,5133
"836","2020-06","America","Puerto_Rico","PRI",2933404,3532,20
"837","2020-06","America","Saint_Kitts_and_Nevis","KNA",52834,0,0
"838","2020-06","America","Saint_Lucia","LCA",182795,1,0
"839","2020-06","America","Saint_Vincent_and_the_Grenadines","VCT",110593,3,0
"840","2020-06","America","Sint_Maarten","SXM",42389,0,0
"841","2020-06","America","Suriname","SUR",581363,487,12
"842","2020-06","America","Trinidad_and_Tobago","TTO",1394969,9,0
"843","2020-06","America","Turks_and_Caicos_islands","TCA",38194,29,0
"844","2020-06","America","United_States_of_America","USA",329064917,820168,22359
"845","2020-06","America","United_States_Virgin_Islands","VIR",104579,15,0
"846","2020-06","America","Uruguay","URY",3461731,111,5
"847","2020-06","America","Venezuela","VEN",28515829,4071,34
"848","2020-06","Asia","Afghanistan","AFG",38041757,16713,484
"849","2020-06","Asia","Bahrain","BHR",1641164,15446,67
"850","2020-06","Asia","Bangladesh","BGD",163046173,97193,1173
"851","2020-06","Asia","Bhutan","BTN",763094,34,0
"852","2020-06","Asia","Brunei_Darussalam","BRN",433296,0,1
"853","2020-06","Asia","Cambodia","KHM",16486542,16,0
"854","2020-06","Asia","China","CHN",1433783692,652,3
"855","2020-06","Asia","India","IND",1366417756,384697,11729
"856","2020-06","Asia","Indonesia","IDN",270625567,29319,1232
"857","2020-06","Asia","Iran","IRN",82913893,76255,2936
"858","2020-06","Asia","Iraq","IRQ",39309789,40972,1644
"859","2020-06","Asia","Israel","ISR",8519373,7429,35
"860","2020-06","Asia","Japan","JPN",126860299,1742,81
"861","2020-06","Asia","Jordan","JOR",10101697,394,0
"862","2020-06","Asia","Kazakhstan","KAZ",18551428,10961,150
"863","2020-06","Asia","Kuwait","KWT",4207077,19332,145
"864","2020-06","Asia","Kyrgyzstan","KGZ",6415851,3548,41
"865","2020-06","Asia","Laos","LAO",7169456,0,0
"866","2020-06","Asia","Lebanon","LBN",6855709,554,8
"867","2020-06","Asia","Malaysia","MYS",31949789,875,6
"868","2020-06","Asia","Maldives","MDV",530957,664,3
"869","2020-06","Asia","Mongolia","MNG",3225166,41,0
"870","2020-06","Asia","Myanmar","MMR",54045422,75,0
"871","2020-06","Asia","Nepal","NPL",28608715,11847,23
"872","2020-06","Asia","Oman","OMN",4974992,28637,127
"873","2020-06","Asia","Pakistan","PAK",216565317,139841,2821
"874","2020-06","Asia","Palestine","PSE",4981422,1817,3
"875","2020-06","Asia","Philippines","PHL",108116622,19214,305
"876","2020-06","Asia","Qatar","QAT",2832071,39844,77
"877","2020-06","Asia","Saudi_Arabia","SAU",34268529,103052,1119
"878","2020-06","Asia","Singapore","SGP",5804343,9295,3
"879","2020-06","Asia","South_Korea","KOR",51225321,1332,12
"880","2020-06","Asia","Sri_Lanka","LKA",21323734,422,1
"881","2020-06","Asia","Syria","SYR",17070132,147,5
"882","2020-06","Asia","Taiwan","CNG1925",23773881,5,0
"883","2020-06","Asia","Tajikistan","TJK",9321023,2093,5
"884","2020-06","Asia","Thailand","THA",69625581,90,1
"885","2020-06","Asia","Timor_Leste","TLS",1293120,0,0
"886","2020-06","Asia","United_Arab_Emirates","ARE",9770526,14350,52
"887","2020-06","Asia","Uzbekistan","UZB",32981715,4744,10
"888","2020-06","Asia","Vietnam","VNM",96462108,28,0
"889","2020-06","Asia","Yemen","YEM",29161922,818,227
"890","2020-06","Europe","Albania","ALB",2862427,1344,25
"891","2020-06","Europe","Andorra","AND",76177,91,1
"892","2020-06","Europe","Armenia","ARM",2957728,16260,312
"893","2020-06","Europe","Austria","AUT",8858775,1028,35
"894","2020-06","Europe","Azerbaijan","AZE",10047719,11722,145
"895","2020-06","Europe","Belarus","BLR",9452409,20132,158
"896","2020-06","Europe","Belgium","BEL",11455519,2972,278
"897","2020-06","Europe","Bosnia_and_Herzegovina","BIH",3300998,1850,31
"898","2020-06","Europe","Bulgaria","BGR",7000039,2318,83
"899","2020-06","Europe","Croatia","HRV",4076246,479,4
"900","2020-06","Europe","Cyprus","CYP",875899,53,2
"901","2020-06","Europe","Czechia","CZE",10649800,2575,29
"902","2020-06","Europe","Denmark","DNK",5806081,1118,34
"903","2020-06","Europe","Estonia","EST",1324820,122,0
"904","2020-06","Europe","Faroe_Islands","FRO",48677,0,0
"905","2020-06","Europe","Finland","FIN",5517919,383,12
"906","2020-06","Europe","France","FRA",67012883,13530,935
"907","2020-06","Europe","Georgia","GEO",3996762,171,3
"908","2020-06","Europe","Germany","DEU",83019213,12777,473
"909","2020-06","Europe","Gibraltar","GIB",33706,16,0
"910","2020-06","Europe","Greece","GRC",10724599,475,16
"911","2020-06","Europe","Guernsey","GGY",64468,0,0
"912","2020-06","Europe","Holy_See","VAT",815,0,0
"913","2020-06","Europe","Hungary","HUN",9772756,278,61
"914","2020-06","Europe","Iceland","ISL",356991,16,0
"915","2020-06","Europe","Ireland","IRL",4904240,533,85
"916","2020-06","Europe","Isle_of_Man","IMN",84589,0,0
"917","2020-06","Europe","Italy","ITA",60359546,7343,1388
"918","2020-06","Europe","Jersey","JEY",107796,11,2
"919","2020-06","Europe","Kosovo","XKX",1798506,1729,19
"920","2020-06","Europe","Latvia","LVA",1919968,52,6
"921","2020-06","Europe","Liechtenstein","LIE",38378,0,0
"922","2020-06","Europe","Lithuania","LTU",2794184,146,8
"923","2020-06","Europe","Luxembourg","LUX",613894,240,0
"924","2020-06","Europe","Malta","MLT",493559,52,0
"925","2020-06","Europe","Moldova","MDA",4043258,8259,245
"926","2020-06","Europe","Monaco","MCO",33085,3,0
"927","2020-06","Europe","Montenegro","MNE",622182,177,2
"928","2020-06","Europe","Netherlands","NLD",17282163,3966,156
"929","2020-06","Europe","North_Macedonia","MKD",2077132,4060,167
"930","2020-06","Europe","Norway","NOR",5328212,444,13
"931","2020-06","Europe","Poland","POL",37972812,10583,383
"932","2020-06","Europe","Portugal","PRT",10276617,9709,172
"933","2020-06","Europe","Romania","ROU",19414458,7449,381
"934","2020-06","Europe","Russia","RUS",145872260,244581,4611
"935","2020-06","Europe","San_Marino","SMR",34453,27,0
"936","2020-06","Europe","Serbia","SRB",6963764,2907,32
"937","2020-06","Europe","Slovakia","SVK",5450421,144,0
"938","2020-06","Europe","Slovenia","SVN",2080908,112,3
"939","2020-06","Europe","Spain","ESP",46937060,9842,1228
"940","2020-06","Europe","Sweden","SWE",10230185,28668,880
"941","2020-06","Europe","Switzerland","CHE",8544527,807,25
"942","2020-06","Europe","Turkey","TUR",82003882,35510,600
"943","2020-06","Europe","Ukraine","UKR",43993643,20424,451
"944","2020-06","Europe","United_Kingdom","GBR",66647112,29151,2956
"945","2020-06","Oceania","Australia","AUS",25203200,582,2
"946","2020-06","Oceania","Fiji","FJI",889955,0,0
"947","2020-06","Oceania","French_Polynesia","PYF",279285,2,0
"948","2020-06","Oceania","Guam","GUM",167295,84,0
"949","2020-06","Oceania","New_Caledonia","NCL",282757,2,0
"950","2020-06","Oceania","New_Zealand","NZL",4783062,24,0
"951","2020-06","Oceania","Northern_Mariana_Islands","MNP",57213,8,0
"952","2020-06","Oceania","Papua_New_Guinea","PNG",8776119,3,0
"953","2020-07","Africa","Algeria","DZA",43053054,16260,295
"954","2020-07","Africa","Angola","AGO",31825299,802,37
"955","2020-07","Africa","Benin","BEN",11801151,583,16
"956","2020-07","Africa","Botswana","BWA",2303703,629,1
"957","2020-07","Africa","Burkina_Faso","BFA",20321383,158,0
"958","2020-07","Africa","Burundi","BDI",11530577,217,0
"959","2020-07","Africa","Cameroon","CMR",25876387,4663,74
"960","2020-07","Africa","Cape_Verde","CPV",549936,1208,11
"961","2020-07","Africa","Central_African_Republic","CAF",4745179,992,12
"962","2020-07","Africa","Chad","TCD",15946882,69,1
"963","2020-07","Africa","Comoros","COM",850891,106,0
"964","2020-07","Africa","Congo","COG",5380504,2131,16
"965","2020-07","Africa","Cote_dIvoire","CIV",25716554,6764,34
"966","2020-07","Africa","Democratic_Republic_of_the_Congo","COD",86790568,2071,47
"967","2020-07","Africa","Djibouti","DJI",973557,425,5
"968","2020-07","Africa","Egypt","EGY",100388076,27003,1902
"969","2020-07","Africa","Equatorial_Guinea","GNQ",1355982,1070,19
"970","2020-07","Africa","Eritrea","ERI",3497117,88,0
"971","2020-07","Africa","Eswatini","SWZ",1148133,1782,29
"972","2020-07","Africa","Ethiopia","ETH",112078727,10769,160
"973","2020-07","Africa","Gabon","GAB",2172578,1958,7
"974","2020-07","Africa","Gambia","GMB",2347696,356,6
"975","2020-07","Africa","Ghana","GHA",30417858,17791,63
"976","2020-07","Africa","Guinea","GIN",12771246,1891,15
"977","2020-07","Africa","Guinea_Bissau","GNB",1920917,367,5
"978","2020-07","Africa","Kenya","KEN",52573967,13723,181
"979","2020-07","Africa","Lesotho","LSO",2125267,577,13
"980","2020-07","Africa","Liberia","LBR",4937374,411,37
"981","2020-07","Africa","Libya","LBY",6777453,2460,50
"982","2020-07","Africa","Madagascar","MDG",26969306,8610,85
"983","2020-07","Africa","Malawi","MWI",18628749,2757,95
"984","2020-07","Africa","Mali","MLI",19658023,349,9
"985","2020-07","Africa","Mauritania","MRT",4525698,2121,30
"986","2020-07","Africa","Mauritius","MUS",1269670,3,0
"987","2020-07","Africa","Morocco","MAR",36471766,10969,121
"988","2020-07","Africa","Mozambique","MOZ",30366043,925,5
"989","2020-07","Africa","Namibia","NAM",2494524,1856,10
"990","2020-07","Africa","Niger","NER",23310719,59,2
"991","2020-07","Africa","Nigeria","NGA",200963603,17556,305
"992","2020-07","Africa","Rwanda","RWA",12626938,993,3
"993","2020-07","Africa","Sao_Tome_and_Principe","STP",215048,157,2
"994","2020-07","Africa","Senegal","SEN",16296362,3408,96
"995","2020-07","Africa","Seychelles","SYC",97741,103,0
"996","2020-07","Africa","Sierra_Leone","SLE",7813207,368,7
"997","2020-07","Africa","Somalia","SOM",15442906,308,3
"998","2020-07","Africa","South_Africa","ZAF",58558267,337905,5283
"999","2020-07","Africa","South_Sudan","SSD",11062114,316,9
"1000","2020-07","Africa","Sudan","SDN",42813237,2238,153
"1001","2020-07","Africa","Togo","TGO",8082359,284,4
"1002","2020-07","Africa","Tunisia","TUN",11694721,342,0
"1003","2020-07","Africa","Uganda","UGA",44269587,277,2
"1004","2020-07","Africa","United_Republic_of_Tanzania","TZA",58005461,0,0
"1005","2020-07","Africa","Western_Sahara","ESH",582458,558,0
"1006","2020-07","Africa","Zambia","ZMB",17861034,3987,127
"1007","2020-07","Africa","Zimbabwe","ZWE",14645473,2518,46
"1008","2020-07","America","Anguilla","AIA",14872,0,0
"1009","2020-07","America","Antigua_and_Barbuda","ATG",97115,25,0
"1010","2020-07","America","Argentina","ARG",44780675,116728,2031
"1011","2020-07","America","Aruba","ABW",106310,17,0
"1012","2020-07","America","Bahamas","BHS",389486,404,3
"1013","2020-07","America","Barbados","BRB",287021,13,0
"1014","2020-07","America","Belize","BLZ",390351,24,0
"1015","2020-07","America","Bermuda","BMU",62508,10,0
"1016","2020-07","America","Bolivia","BOL",11513102,43109,1823
"1017","2020-07","America","Bonaire, Saint Eustatius and Saba","BES",25983,4,0
"1018","2020-07","America","Brazil","BRA",211049519,1241907,32949
"1019","2020-07","America","British_Virgin_Islands","VGB",30033,0,0
"1020","2020-07","America","Canada","CAN",37411038,11878,363
"1021","2020-07","America","Cayman_Islands","CYM",64948,4,0
"1022","2020-07","America","Chile","CHL",18952035,77537,3802
"1023","2020-07","America","Colombia","COL",50339443,190977,6587
"1024","2020-07","America","Costa_Rica","CRI",5047561,14021,125
"1025","2020-07","America","Cuba","CUB",11333484,257,1
"1026","2020-07","America","Curacao","CUW",163423,5,0
"1027","2020-07","America","Dominica","DMA",71808,0,0
"1028","2020-07","America","Dominican_Republic","DOM",10738957,36099,413
"1029","2020-07","America","Ecuador","ECU",17373657,28705,1155
"1030","2020-07","America","El_Salvador","SLV",6453550,10057,275
"1031","2020-07","America","Falkland_Islands_(Malvinas)","FLK",3372,0,0
"1032","2020-07","America","Greenland","GRL",56660,1,0
"1033","2020-07","America","Grenada","GRD",112002,1,0
"1034","2020-07","America","Guatemala","GTM",17581476,31417,1121
"1035","2020-07","America","Guyana","GUY",782775,166,8
"1036","2020-07","America","Haiti","HTI",11263079,1479,56
"1037","2020-07","America","Honduras","HND",9746115,22608,827
"1038","2020-07","America","Jamaica","JAM",2948277,166,0
"1039","2020-07","America","Mexico","MEX",127575529,209885,18879
"1040","2020-07","America","Montserrat","MSF",4991,2,0
"1041","2020-07","America","Nicaragua","NIC",6545503,1502,42
"1042","2020-07","America","Panama","PAN",4246440,31406,777
"1043","2020-07","America","Paraguay","PRY",7044639,3016,31
"1044","2020-07","America","Peru","PER",32510462,125127,9517
"1045","2020-07","America","Puerto_Rico","PRI",2933404,9322,61
"1046","2020-07","America","Saint_Kitts_and_Nevis","KNA",52834,2,0
"1047","2020-07","America","Saint_Lucia","LCA",182795,6,0
"1048","2020-07","America","Saint_Vincent_and_the_Grenadines","VCT",110593,23,0
"1049","2020-07","America","Sint_Maarten","SXM",42389,51,0
"1050","2020-07","America","Suriname","SUR",581363,1149,13
"1051","2020-07","America","Trinidad_and_Tobago","TTO",1394969,38,0
"1052","2020-07","America","Turks_and_Caicos_islands","TCA",38194,63,1
"1053","2020-07","America","United_States_of_America","USA",329064917,1904462,25930
"1054","2020-07","America","United_States_Virgin_Islands","VIR",104579,301,2
"1055","2020-07","America","Uruguay","URY",3461731,311,8
"1056","2020-07","America","Venezuela","VEN",28515829,12329,110
"1057","2020-07","Asia","Afghanistan","AFG",38041757,5304,538
"1058","2020-07","Asia","Bahrain","BHR",1641164,14516,62
"1059","2020-07","Asia","Bangladesh","BGD",163046173,93088,1300
"1060","2020-07","Asia","Bhutan","BTN",763094,24,0
"1061","2020-07","Asia","Brunei_Darussalam","BRN",433296,0,0
"1062","2020-07","Asia","Cambodia","KHM",16486542,93,0
"1063","2020-07","Asia","China","CHN",1433783692,2709,18
"1064","2020-07","Asia","India","IND",1366417756,1072030,18854
"1065","2020-07","Asia","Indonesia","IDN",270625567,51244,2253
"1066","2020-07","Asia","Iran","IRN",82913893,76325,5899
"1067","2020-07","Asia","Iraq","IRQ",39309789,74112,2832
"1068","2020-07","Asia","Israel","ISR",8519373,45938,184
"1069","2020-07","Asia","Japan","JPN",126860299,15181,33
"1070","2020-07","Asia","Jordan","JOR",10101697,173,2
"1071","2020-07","Asia","Kazakhstan","KAZ",18551428,67259,605
"1072","2020-07","Asia","Kuwait","KWT",4207077,21005,95
"1073","2020-07","Asia","Kyrgyzstan","KGZ",6415851,30509,1321
"1074","2020-07","Asia","Laos","LAO",7169456,1,0
"1075","2020-07","Asia","Lebanon","LBN",6855709,2589,23
"1076","2020-07","Asia","Malaysia","MYS",31949789,327,3
"1077","2020-07","Asia","Maldives","MDV",530957,1383,8
"1078","2020-07","Asia","Mongolia","MNG",3225166,71,0
"1079","2020-07","Asia","Myanmar","MMR",54045422,54,0
"1080","2020-07","Asia","Nepal","NPL",28608715,6299,23
"1081","2020-07","Asia","Oman","OMN",4974992,40099,252
"1082","2020-07","Asia","Pakistan","PAK",216565317,68968,1647
"1083","2020-07","Asia","Palestine","PSE",4981422,12395,76
"1084","2020-07","Asia","Philippines","PHL",108116622,52936,728
"1085","2020-07","Asia","Qatar","QAT",2832071,15354,58
"1086","2020-07","Asia","Saudi_Arabia","SAU",34268529,87783,1267
"1087","2020-07","Asia","Singapore","SGP",5804343,8148,1
"1088","2020-07","Asia","South_Korea","KOR",51225321,1505,19
"1089","2020-07","Asia","Sri_Lanka","LKA",21323734,772,0
"1090","2020-07","Asia","Syria","SYR",17070132,469,32
"1091","2020-07","Asia","Taiwan","CNG1925",23773881,20,0
"1092","2020-07","Asia","Tajikistan","TJK",9321023,1466,8
"1093","2020-07","Asia","Thailand","THA",69625581,139,0
"1094","2020-07","Asia","Timor_Leste","TLS",1293120,0,0
"1095","2020-07","Asia","United_Arab_Emirates","ARE",9770526,12260,37
"1096","2020-07","Asia","Uzbekistan","UZB",32981715,15260,113
"1097","2020-07","Asia","Vietnam","VNM",96462108,154,0
"1098","2020-07","Asia","Yemen","YEM",29161922,598,183
"1099","2020-07","Europe","Albania","ALB",2862427,2731,96
"1100","2020-07","Europe","Andorra","AND",76177,67,0
"1101","2020-07","Europe","Armenia","ARM",2957728,13008,295
"1102","2020-07","Europe","Austria","AUT",8858775,3343,15
"1103","2020-07","Europe","Azerbaijan","AZE",10047719,14592,235
"1104","2020-07","Europe","Belarus","BLR",9452409,5875,166
"1105","2020-07","Europe","Belgium","BEL",11455519,7706,79
"1106","2020-07","Europe","Bosnia_and_Herzegovina","BIH",3300998,7101,145
"1107","2020-07","Europe","Bulgaria","BGR",7000039,6589,151
"1108","2020-07","Europe","Croatia","HRV",4076246,2346,37
"1109","2020-07","Europe","Cyprus","CYP",875899,88,0
"1110","2020-07","Europe","Czechia","CZE",10649800,4341,35
"1111","2020-07","Europe","Denmark","DNK",5806081,974,10
"1112","2020-07","Europe","Estonia","EST",1324820,64,0
"1113","2020-07","Europe","Faroe_Islands","FRO",48677,33,0
"1114","2020-07","Europe","Finland","FIN",5517919,214,1
"1115","2020-07","Europe","France","FRA",67012883,22313,441
"1116","2020-07","Europe","Georgia","GEO",3996762,232,2
"1117","2020-07","Europe","Germany","DEU",83019213,14439,168
"1118","2020-07","Europe","Gibraltar","GIB",33706,10,0
"1119","2020-07","Europe","Greece","GRC",10724599,1011,12
"1120","2020-07","Europe","Guernsey","GGY",64468,0,0
"1121","2020-07","Europe","Holy_See","VAT",815,0,0
"1122","2020-07","Europe","Hungary","HUN",9772756,360,11
"1123","2020-07","Europe","Iceland","ISL",356991,50,0
"1124","2020-07","Europe","Ireland","IRL",4904240,565,28
"1125","2020-07","Europe","Isle_of_Man","IMN",84589,0,0
"1126","2020-07","Europe","Italy","ITA",60359546,6722,388
"1127","2020-07","Europe","Jersey","JEY",107796,16,0
"1128","2020-07","Europe","Kosovo","XKX",1798506,5305,163
"1129","2020-07","Europe","Latvia","LVA",1919968,111,1
"1130","2020-07","Europe","Liechtenstein","LIE",38378,6,0
"1131","2020-07","Europe","Lithuania","LTU",2794184,246,2
"1132","2020-07","Europe","Luxembourg","LUX",613894,2360,4
"1133","2020-07","Europe","Malta","MLT",493559,67,0
"1134","2020-07","Europe","Moldova","MDA",4043258,7590,235
"1135","2020-07","Europe","Monaco","MCO",33085,14,0
"1136","2020-07","Europe","Montenegro","MNE",622182,2572,37
"1137","2020-07","Europe","Netherlands","NLD",17282163,3740,33
"1138","2020-07","Europe","North_Macedonia","MKD",2077132,4399,182
"1139","2020-07","Europe","Norway","NOR",5328212,317,6
"1140","2020-07","Europe","Poland","POL",37972812,10877,265
"1141","2020-07","Europe","Portugal","PRT",10276617,8956,159
"1142","2020-07","Europe","Romania","ROU",19414458,23009,670
"1143","2020-07","Europe","Russia","RUS",145872260,193343,4636
"1144","2020-07","Europe","San_Marino","SMR",34453,1,0
"1145","2020-07","Europe","Serbia","SRB",6963764,10925,291
"1146","2020-07","Europe","Slovakia","SVK",5450421,600,0
"1147","2020-07","Europe","Slovenia","SVN",2080908,554,6
"1148","2020-07","Europe","Spain","ESP",46937060,39251,90
"1149","2020-07","Europe","Sweden","SWE",10230185,9622,265
"1150","2020-07","Europe","Switzerland","CHE",8544527,3364,22
"1151","2020-07","Europe","Turkey","TUR",82003882,31278,559
"1152","2020-07","Europe","Ukraine","UKR",43993643,25166,526
"1153","2020-07","Europe","United_Kingdom","GBR",66647112,18760,828
"1154","2020-07","Oceania","Australia","AUS",25203200,8536,85
"1155","2020-07","Oceania","Fiji","FJI",889955,9,0
"1156","2020-07","Oceania","French_Polynesia","PYF",279285,0,0
"1157","2020-07","Oceania","Guam","GUM",167295,99,0
"1158","2020-07","Oceania","New_Caledonia","NCL",282757,1,0
"1159","2020-07","Oceania","New_Zealand","NZL",4783062,32,0
"1160","2020-07","Oceania","Northern_Mariana_Islands","MNP",57213,12,0
"1161","2020-07","Oceania","Papua_New_Guinea","PNG",8776119,61,2
"1162","2020-08","Africa","Algeria","DZA",43053054,14315,301
"1163","2020-08","Africa","Angola","AGO",31825299,1546,59
"1164","2020-08","Africa","Benin","BEN",11801151,375,5
"1165","2020-08","Africa","Botswana","BWA",2303703,829,4
"1166","2020-08","Africa","Burkina_Faso","BFA",20321383,251,2
"1167","2020-08","Africa","Burundi","BDI",11530577,58,0
"1168","2020-08","Africa","Cameroon","CMR",25876387,1887,24
"1169","2020-08","Africa","Cape_Verde","CPV",549936,1479,17
"1170","2020-08","Africa","Central_African_Republic","CAF",4745179,95,2
"1171","2020-08","Africa","Chad","TCD",15946882,77,2
"1172","2020-08","Africa","Comoros","COM",850891,45,0
"1173","2020-08","Africa","Congo","COG",5380504,603,22
"1174","2020-08","Africa","Cote_dIvoire","CIV",25716554,1970,15
"1175","2020-08","Africa","Democratic_Republic_of_the_Congo","COD",86790568,1034,43
"1176","2020-08","Africa","Djibouti","DJI",973557,304,2
"1177","2020-08","Africa","Egypt","EGY",100388076,4970,625
"1178","2020-08","Africa","Equatorial_Guinea","GNQ",1355982,1870,32
"1179","2020-08","Africa","Eritrea","ERI",3497117,39,0
"1180","2020-08","Africa","Eswatini","SWZ",1148133,1984,51
"1181","2020-08","Africa","Ethiopia","ETH",112078727,34507,530
"1182","2020-08","Africa","Gabon","GAB",2172578,1153,4
"1183","2020-08","Africa","Gambia","GMB",2347696,2560,88
"1184","2020-08","Africa","Ghana","GHA",30417858,9063,101
"1185","2020-08","Africa","Guinea","GIN",12771246,2129,13
"1186","2020-08","Africa","Guinea_Bissau","GNB",1920917,224,8
"1187","2020-08","Africa","Kenya","KEN",52573967,14144,249
"1188","2020-08","Africa","Lesotho","LSO",2125267,462,18
"1189","2020-08","Africa","Liberia","LBR",4937374,123,9
"1190","2020-08","Africa","Libya","LBY",6777453,10201,161
"1191","2020-08","Africa","Madagascar","MDG",26969306,4095,86
"1192","2020-08","Africa","Malawi","MWI",18628749,1555,65
"1193","2020-08","Africa","Mali","MLI",19658023,251,2
"1194","2020-08","Africa","Mauritania","MRT",4525698,752,3
"1195","2020-08","Africa","Mauritius","MUS",1269670,2,0
"1196","2020-08","Africa","Morocco","MAR",36471766,38140,765
"1197","2020-08","Africa","Mozambique","MOZ",30366043,2013,12
"1198","2020-08","Africa","Namibia","NAM",2494524,5313,62
"1199","2020-08","Africa","Niger","NER",23310719,42,0
"1200","2020-08","Africa","Nigeria","NGA",200963603,11176,135
"1201","2020-08","Africa","Rwanda","RWA",12626938,2026,11
"1202","2020-08","Africa","Sao_Tome_and_Principe","STP",215048,26,0
"1203","2020-08","Africa","Senegal","SEN",16296362,3450,80
"1204","2020-08","Africa","Seychelles","SYC",97741,22,0
"1205","2020-08","Africa","Sierra_Leone","SLE",7813207,204,3
"1206","2020-08","Africa","Somalia","SOM",15442906,98,4
"1207","2020-08","Africa","South_Africa","ZAF",58558267,142887,6216
"1208","2020-08","Africa","South_Sudan","SSD",11062114,197,1
"1209","2020-08","Africa","Sudan","SDN",42813237,1693,98
"1210","2020-08","Africa","Togo","TGO",8082359,469,9
"1211","2020-08","Africa","Tunisia","TUN",11694721,2171,26
"1212","2020-08","Africa","Uganda","UGA",44269587,1781,28
"1213","2020-08","Africa","United_Republic_of_Tanzania","TZA",58005461,0,0
"1214","2020-08","Africa","Western_Sahara","ESH",582458,0,0
"1215","2020-08","Africa","Zambia","ZMB",17861034,6470,138
"1216","2020-08","Africa","Zimbabwe","ZWE",14645473,3320,143
"1217","2020-08","America","Anguilla","AIA",14872,0,0
"1218","2020-08","America","Antigua_and_Barbuda","ATG",97115,3,0
"1219","2020-08","America","Argentina","ARG",44780675,222243,5090
"1220","2020-08","America","Aruba","ABW",106310,1877,7
"1221","2020-08","America","Bahamas","BHS",389486,1659,29
"1222","2020-08","America","Barbados","BRB",287021,63,0
"1223","2020-08","America","Belize","BLZ",390351,946,11
"1224","2020-08","America","Bermuda","BMU",62508,13,0
"1225","2020-08","America","Bolivia","BOL",11513102,40734,2072
"1226","2020-08","America","Bonaire, Saint Eustatius and Saba","BES",25983,4,0
"1227","2020-08","America","Brazil","BRA",211049519,1252209,29565
"1228","2020-08","America","British_Virgin_Islands","VGB",30033,29,0
"1229","2020-08","America","Canada","CAN",37411038,12155,188
"1230","2020-08","America","Cayman_Islands","CYM",64948,2,0
"1231","2020-08","America","Chile","CHL",18952035,56438,1867
"1232","2020-08","America","Colombia","COL",50339443,321918,9554
"1233","2020-08","America","Costa_Rica","CRI",5047561,22409,278
"1234","2020-08","America","Cuba","CUB",11333484,1376,7
"1235","2020-08","America","Curacao","CUW",163423,28,0
"1236","2020-08","America","Dominica","DMA",71808,2,0
"1237","2020-08","America","Dominican_Republic","DOM",10738957,26326,535
"1238","2020-08","America","Ecuador","ECU",17373657,29278,898
"1239","2020-08","America","El_Salvador","SLV",6453550,9499,278
"1240","2020-08","America","Falkland_Islands_(Malvinas)","FLK",3372,0,0
"1241","2020-08","America","Greenland","GRL",56660,0,0
"1242","2020-08","America","Grenada","GRD",112002,0,0
"1243","2020-08","America","Guatemala","GTM",17581476,25086,873
"1244","2020-08","America","Guyana","GUY",782775,833,17
"1245","2020-08","America","Haiti","HTI",11263079,797,40
"1246","2020-08","America","Honduras","HND",9746115,18748,546
"1247","2020-08","America","Jamaica","JAM",2948277,1493,11
"1248","2020-08","America","Mexico","MEX",127575529,166047,18158
"1249","2020-08","America","Montserrat","MSF",4991,0,0
"1250","2020-08","America","Nicaragua","NIC",6545503,822,21
"1251","2020-08","America","Panama","PAN",4246440,27874,598
"1252","2020-08","America","Paraguay","PRY",7044639,11988,261
"1253","2020-08","America","Peru","PER",32510462,239674,9767
"1254","2020-08","America","Puerto_Rico","PRI",2933404,16276,220
"1255","2020-08","America","Saint_Kitts_and_Nevis","KNA",52834,0,0
"1256","2020-08","America","Saint_Lucia","LCA",182795,1,0
"1257","2020-08","America","Saint_Vincent_and_the_Grenadines","VCT",110593,8,0
"1258","2020-08","America","Sint_Maarten","SXM",42389,335,2
"1259","2020-08","America","Suriname","SUR",581363,2359,41
"1260","2020-08","America","Trinidad_and_Tobago","TTO",1394969,1519,13
"1261","2020-08","America","Turks_and_Caicos_islands","TCA",38194,403,1
"1262","2020-08","America","United_States_of_America","USA",329064917,1502149,30999
"1263","2020-08","America","United_States_Virgin_Islands","VIR",104579,749,6
"1264","2020-08","America","Uruguay","URY",3461731,342,9
"1265","2020-08","America","Venezuela","VEN",28515829,28009,223
"1266","2020-08","Asia","Afghanistan","AFG",38041757,1620,131
"1267","2020-08","Asia","Bahrain","BHR",1641164,10819,43
"1268","2020-08","Asia","Bangladesh","BGD",163046173,75933,1165
"1269","2020-08","Asia","Bhutan","BTN",763094,123,0
"1270","2020-08","Asia","Brunei_Darussalam","BRN",433296,3,0
"1271","2020-08","Asia","Cambodia","KHM",16486542,40,0
"1272","2020-08","Asia","China","CHN",1433783692,2406,63
"1273","2020-08","Asia","India","IND",1366417756,1982375,28722
"1274","2020-08","Asia","Indonesia","IDN",270625567,65717,2285
"1275","2020-08","Asia","Iran","IRN",82913893,72040,4893
"1276","2020-08","Asia","Iraq","IRQ",39309789,109914,2288
"1277","2020-08","Asia","Israel","ISR",8519373,43641,416
"1278","2020-08","Asia","Japan","JPN",126860299,34091,274
"1279","2020-08","Asia","Jordan","JOR",10101697,775,4
"1280","2020-08","Asia","Kazakhstan","KAZ",18551428,41595,988
"1281","2020-08","Asia","Kuwait","KWT",4207077,18107,85
"1282","2020-08","Asia","Kyrgyzstan","KGZ",6415851,7856,123
"1283","2020-08","Asia","Laos","LAO",7169456,2,0
"1284","2020-08","Asia","Lebanon","LBN",6855709,12536,103
"1285","2020-08","Asia","Malaysia","MYS",31949789,370,2
"1286","2020-08","Asia","Maldives","MDV",530957,3948,12
"1287","2020-08","Asia","Mongolia","MNG",3225166,10,0
"1288","2020-08","Asia","Myanmar","MMR",54045422,434,0
"1289","2020-08","Asia","Nepal","NPL",28608715,19014,169
"1290","2020-08","Asia","Oman","OMN",4974992,6385,256
"1291","2020-08","Asia","Pakistan","PAK",216565317,17544,343
"1292","2020-08","Asia","Palestine","PSE",4981422,14225,82
"1293","2020-08","Asia","Philippines","PHL",108116622,128022,1537
"1294","2020-08","Asia","Qatar","QAT",2832071,8115,26
"1295","2020-08","Asia","Saudi_Arabia","SAU",34268529,40602,1004
"1296","2020-08","Asia","Singapore","SGP",5804343,4962,0
"1297","2020-08","Asia","South_Korea","KOR",51225321,5642,23
"1298","2020-08","Asia","Sri_Lanka","LKA",21323734,198,1
"1299","2020-08","Asia","Syria","SYR",17070132,1965,68
"1300","2020-08","Asia","Taiwan","CNG1925",23773881,21,0
"1301","2020-08","Asia","Tajikistan","TJK",9321023,1184,8
"1302","2020-08","Asia","Thailand","THA",69625581,102,0
"1303","2020-08","Asia","Timor_Leste","TLS",1293120,3,0
"1304","2020-08","Asia","United_Arab_Emirates","ARE",9770526,9184,31
"1305","2020-08","Asia","Uzbekistan","UZB",32981715,18093,180
"1306","2020-08","Asia","Vietnam","VNM",96462108,531,32
"1307","2020-08","Asia","Yemen","YEM",29161922,227,77
"1308","2020-08","Europe","Albania","ALB",2862427,4183,126
"1309","2020-08","Europe","Andorra","AND",76177,202,1
"1310","2020-08","Europe","Armenia","ARM",2957728,5200,139
"1311","2020-08","Europe","Austria","AUT",8858775,6209,15
"1312","2020-08","Europe","Azerbaijan","AZE",10047719,4749,90
"1313","2020-08","Europe","Belarus","BLR",9452409,4022,123
"1314","2020-08","Europe","Belgium","BEL",11455519,15816,185
"1315","2020-08","Europe","Bosnia_and_Herzegovina","BIH",3300998,8345,264
"1316","2020-08","Europe","Bulgaria","BGR",7000039,4770,239
"1317","2020-08","Europe","Croatia","HRV",4076246,5052,40
"1318","2020-08","Europe","Cyprus","CYP",875899,403,2
"1319","2020-08","Europe","Czechia","CZE",10649800,8025,44
"1320","2020-08","Europe","Denmark","DNK",5806081,2975,9
"1321","2020-08","Europe","Estonia","EST",1324820,322,1
"1322","2020-08","Europe","Faroe_Islands","FRO",48677,191,0
"1323","2020-08","Europe","Finland","FIN",5517919,654,6
"1324","2020-08","Europe","France","FRA",67012883,91370,352
"1325","2020-08","Europe","Georgia","GEO",3996762,327,2
"1326","2020-08","Europe","Germany","DEU",83019213,33683,157
"1327","2020-08","Europe","Gibraltar","GIB",33706,98,0
"1328","2020-08","Europe","Greece","GRC",10724599,5733,59
"1329","2020-08","Europe","Guernsey","GGY",64468,0,0
"1330","2020-08","Europe","Holy_See","VAT",815,0,0
"1331","2020-08","Europe","Hungary","HUN",9772756,1456,18
"1332","2020-08","Europe","Iceland","ISL",356991,233,0
"1333","2020-08","Europe","Ireland","IRL",4904240,2733,14
"1334","2020-08","Europe","Isle_of_Man","IMN",84589,0,0
"1335","2020-08","Europe","Italy","ITA",60359546,21060,345
"1336","2020-08","Europe","Jersey","JEY",107796,39,1
"1337","2020-08","Europe","Kosovo","XKX",1798506,5012,316
"1338","2020-08","Europe","Latvia","LVA",1919968,165,3
"1339","2020-08","Europe","Liechtenstein","LIE",38378,19,0
"1340","2020-08","Europe","Lithuania","LTU",2794184,812,6
"1341","2020-08","Europe","Luxembourg","LUX",613894,1394,10
"1342","2020-08","Europe","Malta","MLT",493559,1149,3
"1343","2020-08","Europe","Moldova","MDA",4043258,12753,221
"1344","2020-08","Europe","Monaco","MCO",33085,47,0
"1345","2020-08","Europe","Montenegro","MNE",622182,1717,50
"1346","2020-08","Europe","Netherlands","NLD",17282163,16108,75
"1347","2020-08","Europe","North_Macedonia","MKD",2077132,3304,104
"1348","2020-08","Europe","Norway","NOR",5328212,1371,9
"1349","2020-08","Europe","Poland","POL",37972812,21839,324
"1350","2020-08","Europe","Portugal","PRT",10276617,6900,92
"1351","2020-08","Europe","Romania","ROU",19414458,37194,1274
"1352","2020-08","Europe","Russia","RUS",145872260,155827,3291
"1353","2020-08","Europe","San_Marino","SMR",34453,11,0
"1354","2020-08","Europe","Serbia","SRB",6963764,6152,146
"1355","2020-08","Europe","Slovakia","SVK",5450421,1611,5
"1356","2020-08","Europe","Slovenia","SVN",2080908,726,11
"1357","2020-08","Europe","Spain","ESP",46937060,171164,651
"1358","2020-08","Europe","Sweden","SWE",10230185,7552,70
"1359","2020-08","Europe","Switzerland","CHE",8544527,6973,21
"1360","2020-08","Europe","Turkey","TUR",82003882,38655,652
"1361","2020-08","Europe","Ukraine","UKR",43993643,50280,854
"1362","2020-08","Europe","United_Kingdom","GBR",66647112,32166,330
"1363","2020-08","Oceania","Australia","AUS",25203200,9367,422
"1364","2020-08","Oceania","Fiji","FJI",889955,1,2
"1365","2020-08","Oceania","French_Polynesia","PYF",279285,358,0
"1366","2020-08","Oceania","Guam","GUM",167295,991,5
"1367","2020-08","Oceania","New_Caledonia","NCL",282757,1,0
"1368","2020-08","Oceania","New_Zealand","NZL",4783062,177,0
"1369","2020-08","Oceania","Northern_Mariana_Islands","MNP",57213,14,0
"1370","2020-08","Oceania","Papua_New_Guinea","PNG",8776119,387,3
"1371","2020-09","Africa","Algeria","DZA",43053054,7222,225
"1372","2020-09","Africa","Angola","AGO",31825299,2281,72
"1373","2020-09","Africa","Benin","BEN",11801151,195,0
"1374","2020-09","Africa","Botswana","BWA",2303703,1539,10
"1375","2020-09","Africa","Burkina_Faso","BFA",20321383,664,3
"1376","2020-09","Africa","Burundi","BDI",11530577,61,0
"1377","2020-09","Africa","Cameroon","CMR",25876387,1696,7
"1378","2020-09","Africa","Cape_Verde","CPV",549936,2048,19
"1379","2020-09","Africa","Central_African_Republic","CAF",4745179,125,1
"1380","2020-09","Africa","Chad","TCD",15946882,181,8
"1381","2020-09","Africa","Comoros","COM",850891,56,0
"1382","2020-09","Africa","Congo","COG",5380504,1110,11
"1383","2020-09","Africa","Cote_dIvoire","CIV",25716554,1721,5
"1384","2020-09","Africa","Democratic_Republic_of_the_Congo","COD",86790568,586,14
"1385","2020-09","Africa","Djibouti","DJI",973557,31,1
"1386","2020-09","Africa","Egypt","EGY",100388076,4352,515
"1387","2020-09","Africa","Equatorial_Guinea","GNQ",1355982,89,0
"1388","2020-09","Africa","Eritrea","ERI",3497117,57,0
"1389","2020-09","Africa","Eswatini","SWZ",1148133,901,17
"1390","2020-09","Africa","Ethiopia","ETH",112078727,23462,398
"1391","2020-09","Africa","Gabon","GAB",2172578,247,1
"1392","2020-09","Africa","Gambia","GMB",2347696,616,16
"1393","2020-09","Africa","Ghana","GHA",30417858,2277,25
"1394","2020-09","Africa","Guinea","GIN",12771246,1263,7
"1395","2020-09","Africa","Guinea_Bissau","GNB",1920917,119,5
"1396","2020-09","Africa","Kenya","KEN",52573967,4321,133
"1397","2020-09","Africa","Lesotho","LSO",2125267,510,4
"1398","2020-09","Africa","Liberia","LBR",4937374,39,0
"1399","2020-09","Africa","Libya","LBY",6777453,20591,308
"1400","2020-09","Africa","Madagascar","MDG",26969306,1534,38
"1401","2020-09","Africa","Malawi","MWI",18628749,236,5
"1402","2020-09","Africa","Mali","MLI",19658023,317,4
"1403","2020-09","Africa","Mauritania","MRT",4525698,452,2
"1404","2020-09","Africa","Mauritius","MUS",1269670,35,0
"1405","2020-09","Africa","Morocco","MAR",36471766,59784,1041
"1406","2020-09","Africa","Mozambique","MOZ",30366043,4735,36
"1407","2020-09","Africa","Namibia","NAM",2494524,3775,49
"1408","2020-09","Africa","Niger","NER",23310719,20,0
"1409","2020-09","Africa","Nigeria","NGA",200963603,4782,98
"1410","2020-09","Africa","Rwanda","RWA",12626938,816,13
"1411","2020-09","Africa","Sao_Tome_and_Principe","STP",215048,15,0
"1412","2020-09","Africa","Senegal","SEN",16296362,1389,26
"1413","2020-09","Africa","Seychelles","SYC",97741,7,0
"1414","2020-09","Africa","Sierra_Leone","SLE",7813207,200,2
"1415","2020-09","Africa","Somalia","SOM",15442906,278,2
"1416","2020-09","Africa","South_Africa","ZAF",58558267,47516,2639
"1417","2020-09","Africa","South_Sudan","SSD",11062114,181,2
"1418","2020-09","Africa","Sudan","SDN",42813237,417,13
"1419","2020-09","Africa","Togo","TGO",8082359,363,21
"1420","2020-09","Africa","Tunisia","TUN",11694721,13720,170
"1421","2020-09","Africa","Uganda","UGA",44269587,5089,45
"1422","2020-09","Africa","United_Republic_of_Tanzania","TZA",58005461,0,0
"1423","2020-09","Africa","Western_Sahara","ESH",582458,0,0
"1424","2020-09","Africa","Zambia","ZMB",17861034,2690,45
"1425","2020-09","Africa","Zimbabwe","ZWE",14645473,1425,32
"1426","2020-09","America","Anguilla","AIA",14872,0,0
"1427","2020-09","America","Antigua_and_Barbuda","ATG",97115,7,0
"1428","2020-09","America","Argentina","ARG",44780675,335370,8118
"1429","2020-09","America","Aruba","ABW",106310,1937,16
"1430","2020-09","America","Bahamas","BHS",389486,1736,48
"1431","2020-09","America","Barbados","BRB",287021,17,0
"1432","2020-09","America","Belize","BLZ",390351,949,13
"1433","2020-09","America","Bermuda","BMU",62508,12,0
"1434","2020-09","America","Bolivia","BOL",11513102,18673,2965
"1435","2020-09","America","Bonaire, Saint Eustatius and Saba","BES",25983,91,1
"1436","2020-09","America","Brazil","BRA",211049519,915211,22093
"1437","2020-09","America","British_Virgin_Islands","VGB",30033,34,0
"1438","2020-09","America","Canada","CAN",37411038,29021,174
"1439","2020-09","America","Cayman_Islands","CYM",64948,6,0
"1440","2020-09","America","Chile","CHL",18952035,51326,1481
"1441","2020-09","America","Colombia","COL",50339443,216104,6464
"1442","2020-09","America","Costa_Rica","CRI",5047561,34905,462
"1443","2020-09","America","Cuba","CUB",11333484,1558,28
"1444","2020-09","America","Curacao","CUW",163423,313,0
"1445","2020-09","America","Dominica","DMA",71808,4,0
"1446","2020-09","America","Dominican_Republic","DOM",10738957,17659,420
"1447","2020-09","America","Ecuador","ECU",17373657,30362,957
"1448","2020-09","America","El_Salvador","SLV",6453550,3252,126
"1449","2020-09","America","Falkland_Islands_(Malvinas)","FLK",3372,0,0
"1450","2020-09","America","Greenland","GRL",56660,0,0
"1451","2020-09","America","Grenada","GRD",112002,0,0
"1452","2020-09","America","Guatemala","GTM",17581476,17056,498
"1453","2020-09","America","Guyana","GUY",782775,1612,41
"1454","2020-09","America","Haiti","HTI",11263079,538,28
"1455","2020-09","America","Honduras","HND",9746115,15924,465
"1456","2020-09","America","Jamaica","JAM",2948277,4025,79
"1457","2020-09","America","Mexico","MEX",127575529,142632,13005
"1458","2020-09","America","Montserrat","MSF",4991,0,0
"1459","2020-09","America","Nicaragua","NIC",6545503,676,14
"1460","2020-09","America","Panama","PAN",4246440,19788,369
"1461","2020-09","America","Paraguay","PRY",7044639,22906,533
"1462","2020-09","America","Peru","PER",32510462,164602,3608
"1463","2020-09","America","Puerto_Rico","PRI",2933404,15619,220
"1464","2020-09","America","Saint_Kitts_and_Nevis","KNA",52834,2,0
"1465","2020-09","America","Saint_Lucia","LCA",182795,1,0
"1466","2020-09","America","Saint_Vincent_and_the_Grenadines","VCT",110593,4,0
"1467","2020-09","America","Sint_Maarten","SXM",42389,196,5
"1468","2020-09","America","Suriname","SUR",581363,854,37
"1469","2020-09","America","Trinidad_and_Tobago","TTO",1394969,2780,53
"1470","2020-09","America","Turks_and_Caicos_islands","TCA",38194,179,3
"1471","2020-09","America","United_States_of_America","USA",329064917,1193898,22929
"1472","2020-09","America","United_States_Virgin_Islands","VIR",104579,184,6
"1473","2020-09","America","Uruguay","URY",3461731,448,4
"1474","2020-09","America","Venezuela","VEN",28515829,28495,240
"1475","2020-09","Asia","Afghanistan","AFG",38041757,1092,56
"1476","2020-09","Asia","Bahrain","BHR",1641164,18848,57
"1477","2020-09","Asia","Bangladesh","BGD",163046173,51221,971
"1478","2020-09","Asia","Bhutan","BTN",763094,57,0
"1479","2020-09","Asia","Brunei_Darussalam","BRN",433296,2,0
"1480","2020-09","Asia","Cambodia","KHM",16486542,3,0
"1481","2020-09","Asia","China","CHN",1433783692,633,17
"1482","2020-09","Asia","India","IND",1366417756,2604518,33028
"1483","2020-09","Asia","Indonesia","IDN",270625567,110671,3258
"1484","2020-09","Asia","Iran","IRN",82913893,80067,4524
"1485","2020-09","Asia","Iraq","IRQ",39309789,127113,2163
"1486","2020-09","Asia","Israel","ISR",8519373,122906,609
"1487","2020-09","Asia","Japan","JPN",126860299,15145,285
"1488","2020-09","Asia","Jordan","JOR",10101697,8083,42
"1489","2020-09","Asia","Kazakhstan","KAZ",18551428,10034,297
"1490","2020-09","Asia","Kuwait","KWT",4207077,19932,77
"1491","2020-09","Asia","Kyrgyzstan","KGZ",6415851,2771,6
"1492","2020-09","Asia","Laos","LAO",7169456,1,0
"1493","2020-09","Asia","Lebanon","LBN",6855709,21507,201
"1494","2020-09","Asia","Malaysia","MYS",31949789,1801,8
"1495","2020-09","Asia","Maldives","MDV",530957,2527,6
"1496","2020-09","Asia","Mongolia","MNG",3225166,12,0
"1497","2020-09","Asia","Myanmar","MMR",54045422,11638,278
"1498","2020-09","Asia","Nepal","NPL",28608715,37697,270
"1499","2020-09","Asia","Oman","OMN",4974992,13041,258
"1500","2020-09","Asia","Pakistan","PAK",216565317,16414,185
"1501","2020-09","Asia","Palestine","PSE",4981422,21052,194
"1502","2020-09","Asia","Philippines","PHL",108116622,91907,1928
"1503","2020-09","Asia","Qatar","QAT",2832071,6958,17
"1504","2020-09","Asia","Saudi_Arabia","SAU",34268529,19366,869
"1505","2020-09","Asia","Singapore","SGP",5804343,971,0
"1506","2020-09","Asia","South_Korea","KOR",51225321,3865,89
"1507","2020-09","Asia","Sri_Lanka","LKA",21323734,362,1
"1508","2020-09","Asia","Syria","SYR",17070132,1445,88
"1509","2020-09","Asia","Taiwan","CNG1925",23773881,26,0
"1510","2020-09","Asia","Tajikistan","TJK",9321023,1176,7
"1511","2020-09","Asia","Thailand","THA",69625581,152,1
"1512","2020-09","Asia","Timor_Leste","TLS",1293120,1,0
"1513","2020-09","Asia","United_Arab_Emirates","ARE",9770526,23400,34
"1514","2020-09","Asia","Uzbekistan","UZB",32981715,14868,151
"1515","2020-09","Asia","Vietnam","VNM",96462108,54,3
"1516","2020-09","Asia","Yemen","YEM",29161922,82,24
"1517","2020-09","Europe","Albania","ALB",2862427,4138,104
"1518","2020-09","Europe","Andorra","AND",76177,842,0
"1519","2020-09","Europe","Armenia","ARM",2957728,6151,81
"1520","2020-09","Europe","Austria","AUT",8858775,17389,63
"1521","2020-09","Europe","Azerbaijan","AZE",10047719,3810,59
"1522","2020-09","Europe","Belarus","BLR",9452409,6573,152
"1523","2020-09","Europe","Belgium","BEL",11455519,36970,125
"1524","2020-09","Europe","Bosnia_and_Herzegovina","BIH",3300998,7433,244
"1525","2020-09","Europe","Bulgaria","BGR",7000039,4357,201
"1526","2020-09","Europe","Croatia","HRV",4076246,6257,91
"1527","2020-09","Europe","Cyprus","CYP",875899,256,1
"1528","2020-09","Europe","Czechia","CZE",10649800,43476,213
"1529","2020-09","Europe","Denmark","DNK",5806081,10764,26
"1530","2020-09","Europe","Estonia","EST",1324820,942,0
"1531","2020-09","Europe","Faroe_Islands","FRO",48677,52,0
"1532","2020-09","Europe","Finland","FIN",5517919,1815,8
"1533","2020-09","Europe","France","FRA",67012883,272747,1287
"1534","2020-09","Europe","Georgia","GEO",3996762,4379,14
"1535","2020-09","Europe","Germany","DEU",83019213,46838,190
"1536","2020-09","Europe","Gibraltar","GIB",33706,106,0
"1537","2020-09","Europe","Greece","GRC",10724599,7989,126
"1538","2020-09","Europe","Guernsey","GGY",64468,4,0
"1539","2020-09","Europe","Holy_See","VAT",815,0,0
"1540","2020-09","Europe","Hungary","HUN",9772756,20500,151
"1541","2020-09","Europe","Iceland","ISL",356991,590,0
"1542","2020-09","Europe","Ireland","IRL",4904240,6980,26
"1543","2020-09","Europe","Isle_of_Man","IMN",84589,4,0
"1544","2020-09","Europe","Italy","ITA",60359546,44793,398
"1545","2020-09","Europe","Jersey","JEY",107796,41,0
"1546","2020-09","Europe","Kosovo","XKX",1798506,2240,109
"1547","2020-09","Europe","Latvia","LVA",1919968,336,3
"1548","2020-09","Europe","Liechtenstein","LIE",38378,12,0
"1549","2020-09","Europe","Lithuania","LTU",2794184,1704,6
"1550","2020-09","Europe","Luxembourg","LUX",613894,1806,0
"1551","2020-09","Europe","Malta","MLT",493559,1164,22
"1552","2020-09","Europe","Moldova","MDA",4043258,15329,318
"1553","2020-09","Europe","Monaco","MCO",33085,83,0
"1554","2020-09","Europe","Montenegro","MNE",622182,5785,66
"1555","2020-09","Europe","Netherlands","NLD",17282163,47349,169
"1556","2020-09","Europe","North_Macedonia","MKD",2077132,3859,153
"1557","2020-09","Europe","Norway","NOR",5328212,3245,10
"1558","2020-09","Europe","Poland","POL",37972812,23092,450
"1559","2020-09","Europe","Portugal","PRT",10276617,16949,144
"1560","2020-09","Europe","Romania","ROU",19414458,38629,1214
"1561","2020-09","Europe","Russia","RUS",145872260,177479,3452
"1562","2020-09","Europe","San_Marino","SMR",34453,17,0
"1563","2020-09","Europe","Serbia","SRB",6963764,2114,38
"1564","2020-09","Europe","Slovakia","SVK",5450421,5698,12
"1565","2020-09","Europe","Slovenia","SVN",2080908,2622,10
"1566","2020-09","Europe","Spain","ESP",46937060,306330,2697
"1567","2020-09","Europe","Sweden","SWE",10230185,8913,51
"1568","2020-09","Europe","Switzerland","CHE",8544527,10845,57
"1569","2020-09","Europe","Turkey","TUR",82003882,48726,1804
"1570","2020-09","Europe","Ukraine","UKR",43993643,85858,1538
"1571","2020-09","Europe","United_Kingdom","GBR",66647112,111689,573
"1572","2020-09","Oceania","Australia","AUS",25203200,1393,271
"1573","2020-09","Oceania","Fiji","FJI",889955,4,0
"1574","2020-09","Oceania","French_Polynesia","PYF",279285,1246,7
"1575","2020-09","Oceania","Guam","GUM",167295,1096,37
"1576","2020-09","Oceania","New_Caledonia","NCL",282757,4,0
"1577","2020-09","Oceania","New_Zealand","NZL",4783062,93,3
"1578","2020-09","Oceania","Northern_Mariana_Islands","MNP",57213,14,0
"1579","2020-09","Oceania","Papua_New_Guinea","PNG",8776119,75,2
"1580","2020-10","Africa","Algeria","DZA",43053054,6283,230
"1581","2020-10","Africa","Angola","AGO",31825299,5364,96
"1582","2020-10","Africa","Benin","BEN",11801151,303,1
"1583","2020-10","Africa","Botswana","BWA",2303703,3470,8
"1584","2020-10","Africa","Burkina_Faso","BFA",20321383,445,9
"1585","2020-10","Africa","Burundi","BDI",11530577,76,0
"1586","2020-10","Africa","Cameroon","CMR",25876387,955,8
"1587","2020-10","Africa","Cape_Verde","CPV",549936,2794,36
"1588","2020-10","Africa","Central_African_Republic","CAF",4745179,41,0
"1589","2020-10","Africa","Chad","TCD",15946882,290,13
"1590","2020-10","Africa","Comoros","COM",850891,58,0
"1591","2020-10","Africa","Congo","COG",5380504,201,3
"1592","2020-10","Africa","Cote_dIvoire","CIV",25716554,1023,4
"1593","2020-10","Africa","Democratic_Republic_of_the_Congo","COD",86790568,675,35
"1594","2020-10","Africa","Djibouti","DJI",973557,143,0
"1595","2020-10","Africa","Egypt","EGY",100388076,4297,344
"1596","2020-10","Africa","Equatorial_Guinea","GNQ",1355982,58,0
"1597","2020-10","Africa","Eritrea","ERI",3497117,86,0
"1598","2020-10","Africa","Eswatini","SWZ",1148133,447,9
"1599","2020-10","Africa","Ethiopia","ETH",112078727,21205,273
"1600","2020-10","Africa","Gabon","GAB",2172578,216,1
"1601","2020-10","Africa","Gambia","GMB",2347696,91,7
"1602","2020-10","Africa","Ghana","GHA",30417858,1573,19
"1603","2020-10","Africa","Guinea","GIN",12771246,1438,6
"1604","2020-10","Africa","Guinea_Bissau","GNB",1920917,79,2
"1605","2020-10","Africa","Kenya","KEN",52573967,15419,274
"1606","2020-10","Africa","Lesotho","LSO",2125267,371,8
"1607","2020-10","Africa","Liberia","LBR",4937374,83,0
"1608","2020-10","Africa","Libya","LBY",6777453,26614,307
"1609","2020-10","Africa","Madagascar","MDG",26969306,591,15
"1610","2020-10","Africa","Malawi","MWI",18628749,151,5
"1611","2020-10","Africa","Mali","MLI",19658023,455,6
"1612","2020-10","Africa","Mauritania","MRT",4525698,203,2
"1613","2020-10","Africa","Mauritius","MUS",1269670,60,0
"1614","2020-10","Africa","Morocco","MAR",36471766,94111,1473
"1615","2020-10","Africa","Mozambique","MOZ",30366043,4221,32
"1616","2020-10","Africa","Namibia","NAM",2494524,1767,12
"1617","2020-10","Africa","Niger","NER",23310719,24,0
"1618","2020-10","Africa","Nigeria","NGA",200963603,4044,33
"1619","2020-10","Africa","Rwanda","RWA",12626938,298,6
"1620","2020-10","Africa","Sao_Tome_and_Principe","STP",215048,34,1
"1621","2020-10","Africa","Senegal","SEN",16296362,660,13
"1622","2020-10","Africa","Seychelles","SYC",97741,10,0
"1623","2020-10","Africa","Sierra_Leone","SLE",7813207,143,2
"1624","2020-10","Africa","Somalia","SOM",15442906,353,5
"1625","2020-10","Africa","South_Africa","ZAF",58558267,51110,2563
"1626","2020-10","Africa","South_Sudan","SSD",11062114,203,9
"1627","2020-10","Africa","Sudan","SDN",42813237,159,1
"1628","2020-10","Africa","Togo","TGO",8082359,553,7
"1629","2020-10","Africa","Tunisia","TUN",11694721,42408,1071
"1630","2020-10","Africa","Uganda","UGA",44269587,4393,35
"1631","2020-10","Africa","United_Republic_of_Tanzania","TZA",58005461,0,0
"1632","2020-10","Africa","Western_Sahara","ESH",582458,0,0
"1633","2020-10","Africa","Zambia","ZMB",17861034,1700,17
"1634","2020-10","Africa","Zimbabwe","ZWE",14645473,525,14
"1635","2020-10","America","Anguilla","AIA",14872,0,0
"1636","2020-10","America","Antigua_and_Barbuda","ATG",97115,26,0
"1637","2020-10","America","Argentina","ARG",44780675,420570,14273
"1638","2020-10","America","Aruba","ABW",106310,538,11
"1639","2020-10","America","Bahamas","BHS",389486,2741,51
"1640","2020-10","America","Barbados","BRB",287021,46,0
"1641","2020-10","America","Belize","BLZ",390351,1519,32
"1642","2020-10","America","Bermuda","BMU",62508,18,0
"1643","2020-10","America","Bolivia","BOL",11513102,6990,784
"1644","2020-10","America","Bonaire, Saint Eustatius and Saba","BES",25983,47,2
"1645","2020-10","America","Brazil","BRA",211049519,739136,16556
"1646","2020-10","America","British_Virgin_Islands","VGB",30033,1,0
"1647","2020-10","America","Canada","CAN",37411038,75038,819
"1648","2020-10","America","Cayman_Islands","CYM",64948,29,0
"1649","2020-10","America","Chile","CHL",18952035,47271,1433
"1650","2020-10","America","Colombia","COL",50339443,239109,5307
"1651","2020-10","America","Costa_Rica","CRI",5047561,34262,491
"1652","2020-10","America","Cuba","CUB",11333484,1270,6
"1653","2020-10","America","Curacao","CUW",163423,574,0
"1654","2020-10","America","Dominica","DMA",71808,18,0
"1655","2020-10","America","Dominican_Republic","DOM",10738957,14432,135
"1656","2020-10","America","Ecuador","ECU",17373657,31398,1320
"1657","2020-10","America","El_Salvador","SLV",6453550,4464,132
"1658","2020-10","America","Falkland_Islands_(Malvinas)","FLK",3372,0,0
"1659","2020-10","America","Greenland","GRL",56660,3,0
"1660","2020-10","America","Grenada","GRD",112002,4,0
"1661","2020-10","America","Guatemala","GTM",17581476,16371,476
"1662","2020-10","America","Guyana","GUY",782775,1297,46
"1663","2020-10","America","Haiti","HTI",11263079,307,3
"1664","2020-10","America","Honduras","HND",9746115,20790,346
"1665","2020-10","America","Jamaica","JAM",2948277,2623,105
"1666","2020-10","America","Mexico","MEX",127575529,134737,14126
"1667","2020-10","America","Montserrat","MSF",4991,0,0
"1668","2020-10","America","Nicaragua","NIC",6545503,344,5
"1669","2020-10","America","Panama","PAN",4246440,21014,324
"1670","2020-10","America","Paraguay","PRY",7044639,22495,546
"1671","2020-10","America","Peru","PER",32510462,88412,2015
"1672","2020-10","America","Puerto_Rico","PRI",2933404,17276,166
"1673","2020-10","America","Saint_Kitts_and_Nevis","KNA",52834,0,0
"1674","2020-10","America","Saint_Lucia","LCA",182795,51,0
"1675","2020-10","America","Saint_Vincent_and_the_Grenadines","VCT",110593,10,0
"1676","2020-10","America","Sint_Maarten","SXM",42389,146,0
"1677","2020-10","America","Suriname","SUR",581363,338,7
"1678","2020-10","America","Trinidad_and_Tobago","TTO",1394969,1205,33
"1679","2020-10","America","Turks_and_Caicos_islands","TCA",38194,17,0
"1680","2020-10","America","United_States_of_America","USA",329064917,1856366,23710
"1681","2020-10","America","United_States_Virgin_Islands","VIR",104579,44,1
"1682","2020-10","America","Uruguay","URY",3461731,1049,10
"1683","2020-10","America","Venezuela","VEN",28515829,17226,172
"1684","2020-10","Asia","Afghanistan","AFG",38041757,2171,78
"1685","2020-10","Asia","Bahrain","BHR",1641164,11044,73
"1686","2020-10","Asia","Bangladesh","BGD",163046173,44321,686
"1687","2020-10","Asia","Bhutan","BTN",763094,67,0
"1688","2020-10","Asia","Brunei_Darussalam","BRN",433296,2,0
"1689","2020-10","Asia","Cambodia","KHM",16486542,13,0
"1690","2020-10","Asia","China","CHN",1433783692,771,0
"1691","2020-10","Asia","India","IND",1366417756,1911356,24144
"1692","2020-10","Asia","Indonesia","IDN",270625567,124221,3181
"1693","2020-10","Asia","Iran","IRN",82913893,151315,8492
"1694","2020-10","Asia","Iraq","IRQ",39309789,112343,1740
"1695","2020-10","Asia","Israel","ISR",8519373,76775,986
"1696","2020-10","Asia","Japan","JPN",126860299,17382,191
"1697","2020-10","Asia","Jordan","JOR",10101697,59257,715
"1698","2020-10","Asia","Kazakhstan","KAZ",18551428,8992,148
"1699","2020-10","Asia","Kuwait","KWT",4207077,20769,166
"1700","2020-10","Asia","Kyrgyzstan","KGZ",6415851,12209,81
"1701","2020-10","Asia","Laos","LAO",7169456,1,0
"1702","2020-10","Asia","Lebanon","LBN",6855709,41152,264
"1703","2020-10","Asia","Malaysia","MYS",31949789,19764,115
"1704","2020-10","Asia","Maldives","MDV",530957,1449,3
"1705","2020-10","Asia","Mongolia","MNG",3225166,33,0
"1706","2020-10","Asia","Myanmar","MMR",54045422,39071,935
"1707","2020-10","Asia","Nepal","NPL",28608715,91977,429
"1708","2020-10","Asia","Oman","OMN",4974992,15849,273
"1709","2020-10","Asia","Pakistan","PAK",216565317,20730,327
"1710","2020-10","Asia","Palestine","PSE",4981422,14627,192
"1711","2020-10","Asia","Philippines","PHL",108116622,69630,1737
"1712","2020-10","Asia","Qatar","QAT",2832071,6810,18
"1713","2020-10","Asia","Saudi_Arabia","SAU",34268529,12693,644
"1714","2020-10","Asia","Singapore","SGP",5804343,261,1
"1715","2020-10","Asia","South_Korea","KOR",51225321,2699,51
"1716","2020-10","Asia","Sri_Lanka","LKA",21323734,7050,6
"1717","2020-10","Asia","Syria","SYR",17070132,1535,88
"1718","2020-10","Asia","Taiwan","CNG1925",23773881,41,0
"1719","2020-10","Asia","Tajikistan","TJK",9321023,1251,7
"1720","2020-10","Asia","Thailand","THA",69625581,216,0
"1721","2020-10","Asia","Timor_Leste","TLS",1293120,2,0
"1722","2020-10","Asia","United_Arab_Emirates","ARE",9770526,38418,74
"1723","2020-10","Asia","Uzbekistan","UZB",32981715,10109,95
"1724","2020-10","Asia","Vietnam","VNM",96462108,83,0
"1725","2020-10","Asia","Yemen","YEM",29161922,28,12
"1726","2020-10","Europe","Albania","ALB",2862427,7116,118
"1727","2020-10","Europe","Andorra","AND",76177,2699,22
"1728","2020-10","Europe","Armenia","ARM",2957728,39912,383
"1729","2020-10","Europe","Austria","AUT",8858775,56836,283
"1730","2020-10","Europe","Azerbaijan","AZE",10047719,14055,128
"1731","2020-10","Europe","Belarus","BLR",9452409,19239,149
"1732","2020-10","Europe","Belgium","BEL",11455519,320023,1657
"1733","2020-10","Europe","Bosnia_and_Herzegovina","BIH",3300998,20931,376
"1734","2020-10","Europe","Bulgaria","BGR",7000039,30494,440
"1735","2020-10","Europe","Croatia","HRV",4076246,30167,256
"1736","2020-10","Europe","Cyprus","CYP",875899,2474,3
"1737","2020-10","Europe","Czechia","CZE",10649800,255830,2442
"1738","2020-10","Europe","Denmark","DNK",5806081,17761,69
"1739","2020-10","Europe","Estonia","EST",1324820,1456,9
"1740","2020-10","Europe","Faroe_Islands","FRO",48677,31,0
"1741","2020-10","Europe","Finland","FIN",5517919,6018,15
"1742","2020-10","Europe","France","FRA",67012883,781294,4672
"1743","2020-10","Europe","Georgia","GEO",3996762,33070,274
"1744","2020-10","Europe","Germany","DEU",83019213,229534,964
"1745","2020-10","Europe","Gibraltar","GIB",33706,302,0
"1746","2020-10","Europe","Greece","GRC",10724599,19073,232
"1747","2020-10","Europe","Guernsey","GGY",64468,11,0
"1748","2020-10","Europe","Holy_See","VAT",815,14,0
"1749","2020-10","Europe","Hungary","HUN",9772756,48860,985
"1750","2020-10","Europe","Iceland","ISL",356991,2102,2
"1751","2020-10","Europe","Ireland","IRL",4904240,24853,110
"1752","2020-10","Europe","Isle_of_Man","IMN",84589,13,0
"1753","2020-10","Europe","Italy","ITA",60359546,334663,2446
"1754","2020-10","Europe","Jersey","JEY",107796,165,0
"1755","2020-10","Europe","Kosovo","XKX",1798506,3754,53
"1756","2020-10","Europe","Latvia","LVA",1919968,3950,32
"1757","2020-10","Europe","Liechtenstein","LIE",38378,403,1
"1758","2020-10","Europe","Lithuania","LTU",2794184,9245,65
"1759","2020-10","Europe","Luxembourg","LUX",613894,8703,28
"1760","2020-10","Europe","Malta","MLT",493559,2983,25
"1761","2020-10","Europe","Moldova","MDA",4043258,23172,456
"1762","2020-10","Europe","Monaco","MCO",33085,141,0
"1763","2020-10","Europe","Montenegro","MNE",622182,7491,130
"1764","2020-10","Europe","Netherlands","NLD",17282163,223554,951
"1765","2020-10","Europe","North_Macedonia","MKD",2077132,12662,245
"1766","2020-10","Europe","Norway","NOR",5328212,5775,8
"1767","2020-10","Europe","Poland","POL",37972812,250872,2868
"1768","2020-10","Europe","Portugal","PRT",10276617,62555,505
"1769","2020-10","Europe","Romania","ROU",19414458,110172,2075
"1770","2020-10","Europe","Russia","RUS",145872260,432171,7111
"1771","2020-10","Europe","San_Marino","SMR",34453,201,0
"1772","2020-10","Europe","Serbia","SRB",6963764,11658,65
"1773","2020-10","Europe","Slovakia","SVK",5450421,45517,167
"1774","2020-10","Europe","Slovenia","SVN",2080908,27023,87
"1775","2020-10","Europe","Spain","ESP",46937060,416490,4087
"1776","2020-10","Europe","Sweden","SWE",10230185,35895,142
"1777","2020-10","Europe","Switzerland","CHE",8544527,100977,254
"1778","2020-10","Europe","Turkey","TUR",82003882,55882,2047
"1779","2020-10","Europe","Ukraine","UKR",43993643,173797,2976
"1780","2020-10","Europe","United_Kingdom","GBR",66647112,543589,4157
"1781","2020-10","Oceania","Australia","AUS",25203200,519,25
"1782","2020-10","Oceania","Fiji","FJI",889955,2,0
"1783","2020-10","Oceania","French_Polynesia","PYF",279285,5596,22
"1784","2020-10","Oceania","Guam","GUM",167295,2238,32
"1785","2020-10","Oceania","Marshall_Islands","MHL",58791,1,0
"1786","2020-10","Oceania","New_Caledonia","NCL",282757,1,0
"1787","2020-10","Oceania","New_Zealand","NZL",4783062,121,0
"1788","2020-10","Oceania","Northern_Mariana_Islands","MNP",57213,22,0
"1789","2020-10","Oceania","Papua_New_Guinea","PNG",8776119,55,0
"1790","2020-10","Oceania","Solomon_Islands","SLB",669821,8,0
"1791","2020-11","Africa","Algeria","DZA",43053054,24570,454
"1792","2020-11","Africa","Angola","AGO",31825299,4834,71
"1793","2020-11","Africa","Benin","BEN",11801151,331,2
"1794","2020-11","Africa","Botswana","BWA",2303703,3350,7
"1795","2020-11","Africa","Burkina_Faso","BFA",20321383,379,1
"1796","2020-11","Africa","Burundi","BDI",11530577,99,0
"1797","2020-11","Africa","Cameroon","CMR",25876387,2324,11
"1798","2020-11","Africa","Cape_Verde","CPV",549936,1832,9
"1799","2020-11","Africa","Central_African_Republic","CAF",4745179,47,1
"1800","2020-11","Africa","Chad","TCD",15946882,199,3
"1801","2020-11","Africa","Comoros","COM",850891,74,0
"1802","2020-11","Africa","Congo","COG",5380504,484,2
"1803","2020-11","Africa","Cote_dIvoire","CIV",25716554,618,7
"1804","2020-11","Africa","Democratic_Republic_of_the_Congo","COD",86790568,1396,26
"1805","2020-11","Africa","Djibouti","DJI",973557,118,0
"1806","2020-11","Africa","Egypt","EGY",100388076,8165,378
"1807","2020-11","Africa","Equatorial_Guinea","GNQ",1355982,65,2
"1808","2020-11","Africa","Eritrea","ERI",3497117,116,0
"1809","2020-11","Africa","Eswatini","SWZ",1148133,501,4
"1810","2020-11","Africa","Ethiopia","ETH",112078727,13745,236
"1811","2020-11","Africa","Gabon","GAB",2172578,223,4
"1812","2020-11","Africa","Gambia","GMB",2347696,64,4
"1813","2020-11","Africa","Ghana","GHA",30417858,3514,3
"1814","2020-11","Africa","Guinea","GIN",12771246,967,4
"1815","2020-11","Africa","Guinea_Bissau","GNB",1920917,19,2
"1816","2020-11","Africa","Kenya","KEN",52573967,29519,471
"1817","2020-11","Africa","Lesotho","LSO",2125267,162,1
"1818","2020-11","Africa","Liberia","LBR",4937374,169,1
"1819","2020-11","Africa","Libya","LBY",6777453,21802,319
"1820","2020-11","Africa","Madagascar","MDG",26969306,373,7
"1821","2020-11","Africa","Malawi","MWI",18628749,102,1
"1822","2020-11","Africa","Mali","MLI",19658023,1114,13
"1823","2020-11","Africa","Mauritania","MRT",4525698,872,12
"1824","2020-11","Africa","Mauritius","MUS",1269670,60,0
"1825","2020-11","Africa","Morocco","MAR",36471766,138509,2164
"1826","2020-11","Africa","Mozambique","MOZ",30366043,2836,39
"1827","2020-11","Africa","Namibia","NAM",2494524,1438,18
"1828","2020-11","Africa","Niger","NER",23310719,296,1
"1829","2020-11","Africa","Nigeria","NGA",200963603,4721,29
"1830","2020-11","Africa","Rwanda","RWA",12626938,785,13
"1831","2020-11","Africa","Sao_Tome_and_Principe","STP",215048,44,1
"1832","2020-11","Africa","Senegal","SEN",16296362,470,10
"1833","2020-11","Africa","Seychelles","SYC",97741,20,0
"1834","2020-11","Africa","Sierra_Leone","SLE",7813207,46,0
"1835","2020-11","Africa","Somalia","SOM",15442906,504,9
"1836","2020-11","Africa","South_Africa","ZAF",58558267,64020,2247
"1837","2020-11","Africa","South_Sudan","SSD",11062114,206,3
"1838","2020-11","Africa","Sudan","SDN",42813237,3862,404
"1839","2020-11","Africa","Togo","TGO",8082359,650,9
"1840","2020-11","Africa","Tunisia","TUN",11694721,36438,1902
"1841","2020-11","Africa","Uganda","UGA",44269587,7735,91
"1842","2020-11","Africa","United_Republic_of_Tanzania","TZA",58005461,0,0
"1843","2020-11","Africa","Western_Sahara","ESH",582458,0,0
"1844","2020-11","Africa","Zambia","ZMB",17861034,1193,8
"1845","2020-11","Africa","Zimbabwe","ZWE",14645473,1588,34
"1846","2020-11","America","Anguilla","AIA",14872,1,0
"1847","2020-11","America","Antigua_and_Barbuda","ATG",97115,14,1
"1848","2020-11","America","Argentina","ARG",44780675,261628,7681
"1849","2020-11","America","Aruba","ABW",106310,366,8
"1850","2020-11","America","Bahamas","BHS",389486,852,21
"1851","2020-11","America","Barbados","BRB",287021,39,0
"1852","2020-11","America","Belize","BLZ",390351,2281,89
"1853","2020-11","America","Bermuda","BMU",62508,52,0
"1854","2020-11","America","Bolivia","BOL",11513102,2991,237
"1855","2020-11","America","Bonaire, Saint Eustatius and Saba","BES",25983,8,0
"1856","2020-11","America","Brazil","BRA",211049519,798082,13356
"1857","2020-11","America","British_Virgin_Islands","VGB",30033,1,0
"1858","2020-11","America","Canada","CAN",37411038,138279,1922
"1859","2020-11","America","Cayman_Islands","CYM",64948,34,1
"1860","2020-11","America","Chile","CHL",18952035,41859,1198
"1861","2020-11","America","Colombia","COL",50339443,245225,5449
"1862","2020-11","America","Costa_Rica","CRI",5047561,28227,319
"1863","2020-11","America","Cuba","CUB",11333484,1432,6
"1864","2020-11","America","Curacao","CUW",163423,1420,3
"1865","2020-11","America","Dominica","DMA",71808,43,0
"1866","2020-11","America","Dominican_Republic","DOM",10738957,17141,94
"1867","2020-11","America","Ecuador","ECU",17373657,24970,791
"1868","2020-11","America","El_Salvador","SLV",6453550,4960,139
"1869","2020-11","America","Falkland_Islands_(Malvinas)","FLK",3372,4,0
"1870","2020-11","America","Greenland","GRL",56660,1,0
"1871","2020-11","America","Grenada","GRD",112002,13,0
"1872","2020-11","America","Guatemala","GTM",17581476,14632,452
"1873","2020-11","America","Guyana","GUY",782775,1233,26
"1874","2020-11","America","Haiti","HTI",11263079,210,0
"1875","2020-11","America","Honduras","HND",9746115,11000,240
"1876","2020-11","America","Jamaica","JAM",2948277,1704,51
"1877","2020-11","America","Mexico","MEX",127575529,188260,14366
"1878","2020-11","America","Montserrat","MSF",4991,0,0
"1879","2020-11","America","Nicaragua","NIC",6545503,270,4
"1880","2020-11","America","Panama","PAN",4246440,31862,372
"1881","2020-11","America","Paraguay","PRY",7044639,19310,356
"1882","2020-11","America","Peru","PER",32510462,62350,1512
"1883","2020-11","America","Puerto_Rico","PRI",2933404,24852,274
"1884","2020-11","America","Saint_Kitts_and_Nevis","KNA",52834,3,0
"1885","2020-11","America","Saint_Lucia","LCA",182795,179,2
"1886","2020-11","America","Saint_Vincent_and_the_Grenadines","VCT",110593,11,0
"1887","2020-11","America","Sint_Maarten","SXM",42389,261,3
"1888","2020-11","America","Suriname","SUR",581363,111,6
"1889","2020-11","America","Trinidad_and_Tobago","TTO",1394969,992,13
"1890","2020-11","America","Turks_and_Caicos_islands","TCA",38194,45,0
"1891","2020-11","America","United_States_of_America","USA",329064917,4335894,37165
"1892","2020-11","America","United_States_Virgin_Islands","VIR",104579,182,2
"1893","2020-11","America","Uruguay","URY",3461731,2634,18
"1894","2020-11","America","Venezuela","VEN",28515829,10451,101
"1895","2020-11","Asia","Afghanistan","AFG",38041757,4419,227
"1896","2020-11","Asia","Bahrain","BHR",1641164,5321,22
"1897","2020-11","Asia","Bangladesh","BGD",163046173,56043,704
"1898","2020-11","Asia","Bhutan","BTN",763094,48,0
"1899","2020-11","Asia","Brunei_Darussalam","BRN",433296,2,0
"1900","2020-11","Asia","Cambodia","KHM",16486542,33,0
"1901","2020-11","Asia","China","CHN",1433783692,515,0
"1902","2020-11","Asia","India","IND",1366417756,1294572,15498
"1903","2020-11","Asia","Indonesia","IDN",270625567,127321,3033
"1904","2020-11","Asia","Iran","IRN",82913893,343797,13397
"1905","2020-11","Asia","Iraq","IRQ",39309789,79802,1362
"1906","2020-11","Asia","Israel","ISR",8519373,22279,350
"1907","2020-11","Asia","Japan","JPN",126860299,46368,364
"1908","2020-11","Asia","Jordan","JOR",10101697,145001,1922
"1909","2020-11","Asia","Kazakhstan","KAZ",18551428,24107,207
"1910","2020-11","Asia","Kuwait","KWT",4207077,17089,105
"1911","2020-11","Asia","Kyrgyzstan","KGZ",6415851,13929,126
"1912","2020-11","Asia","Laos","LAO",7169456,15,0
"1913","2020-11","Asia","Lebanon","LBN",6855709,47415,379
"1914","2020-11","Asia","Malaysia","MYS",31949789,33586,108
"1915","2020-11","Asia","Maldives","MDV",530957,1351,9
"1916","2020-11","Asia","Mongolia","MNG",3225166,445,0
"1917","2020-11","Asia","Myanmar","MMR",54045422,37990,699
"1918","2020-11","Asia","Nepal","NPL",28608715,63743,559
"1919","2020-11","Asia","Oman","OMN",4974992,9050,210
"1920","2020-11","Asia","Pakistan","PAK",216565317,65031,1219
"1921","2020-11","Asia","Palestine","PSE",4981422,32046,255
"1922","2020-11","Asia","Philippines","PHL",108116622,50931,1188
"1923","2020-11","Asia","Qatar","QAT",2832071,6305,5
"1924","2020-11","Asia","Saudi_Arabia","SAU",34268529,10248,501
"1925","2020-11","Asia","Singapore","SGP",5804343,210,1
"1926","2020-11","Asia","South_Korea","KOR",51225321,7690,62
"1927","2020-11","Asia","Sri_Lanka","LKA",21323734,13060,97
"1928","2020-11","Asia","Syria","SYR",17070132,2114,128
"1929","2020-11","Asia","Taiwan","CNG1925",23773881,120,0
"1930","2020-11","Asia","Tajikistan","TJK",9321023,1178,4
"1931","2020-11","Asia","Thailand","THA",69625581,197,1
"1932","2020-11","Asia","Timor_Leste","TLS",1293120,0,0
"1933","2020-11","Asia","United_Arab_Emirates","ARE",9770526,36245,80
"1934","2020-11","Asia","Uzbekistan","UZB",32981715,6242,45
"1935","2020-11","Asia","Vietnam","VNM",96462108,166,0
"1936","2020-11","Asia","Yemen","YEM",29161922,14,5
"1937","2020-11","Europe","Albania","ALB",2862427,16991,296
"1938","2020-11","Europe","Andorra","AND",76177,2047,1
"1939","2020-11","Europe","Armenia","ARM",2957728,45311,823
"1940","2020-11","Europe","Austria","AUT",8858775,176739,1825
"1941","2020-11","Europe","Azerbaijan","AZE",10047719,64021,643
"1942","2020-11","Europe","Belarus","BLR",9452409,37509,174
"1943","2020-11","Europe","Belgium","BEL",11455519,135396,5076
"1944","2020-11","Europe","Bosnia_and_Herzegovina","BIH",3300998,39221,1408
"1945","2020-11","Europe","Bulgaria","BGR",7000039,91445,2560
"1946","2020-11","Europe","Croatia","HRV",4076246,80065,1181
"1947","2020-11","Europe","Cyprus","CYP",875899,6166,23
"1948","2020-11","Europe","Czechia","CZE",10649800,196050,5060
"1949","2020-11","Europe","Denmark","DNK",5806081,34127,110
"1950","2020-11","Europe","Estonia","EST",1324820,7281,39
"1951","2020-11","Europe","Faroe_Islands","FRO",48677,8,0
"1952","2020-11","Europe","Finland","FIN",5517919,8719,35
"1953","2020-11","Europe","France","FRA",67012883,886499,15760
"1954","2020-11","Europe","Georgia","GEO",3996762,96648,960
"1955","2020-11","Europe","Germany","DEU",83019213,535116,5796
"1956","2020-11","Europe","Gibraltar","GIB",33706,321,5
"1957","2020-11","Europe","Greece","GRC",10724599,67031,1701
"1958","2020-11","Europe","Guernsey","GGY",64468,19,0
"1959","2020-11","Europe","Holy_See","VAT",815,0,0
"1960","2020-11","Europe","Hungary","HUN",9772756,141801,3073
"1961","2020-11","Europe","Iceland","ISL",356991,584,14
"1962","2020-11","Europe","Ireland","IRL",4904240,11182,144
"1963","2020-11","Europe","Isle_of_Man","IMN",84589,16,1
"1964","2020-11","Europe","Italy","ITA",60359546,937504,16583
"1965","2020-11","Europe","Jersey","JEY",107796,354,0
"1966","2020-11","Europe","Kosovo","XKX",1798506,19729,327
"1967","2020-11","Europe","Latvia","LVA",1919968,11296,128
"1968","2020-11","Europe","Liechtenstein","LIE",38378,750,13
"1969","2020-11","Europe","Lithuania","LTU",2794184,47502,349
"1970","2020-11","Europe","Luxembourg","LUX",613894,16839,154
"1971","2020-11","Europe","Malta","MLT",493559,3720,74
"1972","2020-11","Europe","Moldova","MDA",4043258,31816,524
"1973","2020-11","Europe","Monaco","MCO",33085,253,1
"1974","2020-11","Europe","Montenegro","MNE",622182,16815,193
"1975","2020-11","Europe","Netherlands","NLD",17282163,177299,2001
"1976","2020-11","Europe","North_Macedonia","MKD",2077132,31095,749
"1977","2020-11","Europe","Norway","NOR",5328212,15184,46
"1978","2020-11","Europe","Poland","POL",37972812,644241,11678
"1979","2020-11","Europe","Portugal","PRT",10276617,157527,1959
"1980","2020-11","Europe","Romania","ROU",19414458,235950,4326
"1981","2020-11","Europe","Russia","RUS",145872260,669340,11871
"1982","2020-11","Europe","San_Marino","SMR",34453,658,3
"1983","2020-11","Europe","Serbia","SRB",6963764,124077,735
"1984","2020-11","Europe","Slovakia","SVK",5450421,50642,604
"1985","2020-11","Europe","Slovenia","SVN",2080908,42871,702
"1986","2020-11","Europe","Spain","ESP",46937060,462509,9191
"1987","2020-11","Europe","Sweden","SWE",10230185,128521,1132
"1988","2020-11","Europe","Switzerland","CHE",8544527,163289,2201
"1989","2020-11","Europe","Turkey","TUR",82003882,212937,3381
"1990","2020-11","Europe","Ukraine","UKR",43993643,343950,5172
"1991","2020-11","Europe","United_Kingdom","GBR",66647112,627582,12016
"1992","2020-11","Oceania","Australia","AUS",25203200,311,0
"1993","2020-11","Oceania","Fiji","FJI",889955,8,0
"1994","2020-11","Oceania","French_Polynesia","PYF",279285,6834,44
"1995","2020-11","Oceania","Guam","GUM",167295,2137,33
"1996","2020-11","Oceania","Marshall_Islands","MHL",58791,3,0
"1997","2020-11","Oceania","New_Caledonia","NCL",282757,4,0
"1998","2020-11","Oceania","New_Zealand","NZL",4783062,99,0
"1999","2020-11","Oceania","Northern_Mariana_Islands","MNP",57213,14,0
"2000","2020-11","Oceania","Papua_New_Guinea","PNG",8776119,66,0
"2001","2020-11","Oceania","Solomon_Islands","SLB",669821,9,0
"2002","2020-11","Oceania","Vanuatu","VUT",299882,1,0
"2003","2020-12","Africa","Algeria","DZA",43053054,9881,186
"2004","2020-12","Africa","Angola","AGO",31825299,1085,25
"2005","2020-12","Africa","Benin","BEN",11801151,116,1
"2006","2020-12","Africa","Botswana","BWA",2303703,2509,6
"2007","2020-12","Africa","Burkina_Faso","BFA",20321383,1174,3
"2008","2020-12","Africa","Burundi","BDI",11530577,48,0
"2009","2020-12","Africa","Cameroon","CMR",25876387,1026,6
"2010","2020-12","Africa","Cape_Verde","CPV",549936,831,6
"2011","2020-12","Africa","Central_African_Republic","CAF",4745179,23,0
"2012","2020-12","Africa","Chad","TCD",15946882,88,1
"2013","2020-12","Africa","Comoros","COM",850891,17,0
"2014","2020-12","Africa","Congo","COG",5380504,275,5
"2015","2020-12","Africa","Cote_dIvoire","CIV",25716554,370,2
"2016","2020-12","Africa","Democratic_Republic_of_the_Congo","COD",86790568,1811,23
"2017","2020-12","Africa","Djibouti","DJI",973557,51,0
"2018","2020-12","Africa","Egypt","EGY",100388076,6034,284
"2019","2020-12","Africa","Equatorial_Guinea","GNQ",1355982,32,0
"2020","2020-12","Africa","Eritrea","ERI",3497117,134,0
"2021","2020-12","Africa","Eswatini","SWZ",1148133,358,6
"2022","2020-12","Africa","Ethiopia","ETH",112078727,7235,106
"2023","2020-12","Africa","Gabon","GAB",2172578,139,4
"2024","2020-12","Africa","Gambia","GMB",2347696,48,0
"2025","2020-12","Africa","Ghana","GHA",30417858,1445,4
"2026","2020-12","Africa","Guinea","GIN",12771246,381,3
"2027","2020-12","Africa","Guinea_Bissau","GNB",1920917,22,1
"2028","2020-12","Africa","Kenya","KEN",52573967,8576,135
"2029","2020-12","Africa","Lesotho","LSO",2125267,141,0
"2030","2020-12","Africa","Liberia","LBR",4937374,81,0
"2031","2020-12","Africa","Libya","LBY",6777453,8349,133
"2032","2020-12","Africa","Madagascar","MDG",26969306,297,7
"2033","2020-12","Africa","Malawi","MWI",18628749,41,2
"2034","2020-12","Africa","Mali","MLI",19658023,1155,45
"2035","2020-12","Africa","Mauritania","MRT",4525698,2231,47
"2036","2020-12","Africa","Mauritius","MUS",1269670,14,0
"2037","2020-12","Africa","Morocco","MAR",36471766,45806,835
"2038","2020-12","Africa","Mozambique","MOZ",30366043,1341,12
"2039","2020-12","Africa","Namibia","NAM",2494524,2191,9
"2040","2020-12","Africa","Niger","NER",23310719,742,10
"2041","2020-12","Africa","Nigeria","NGA",200963603,5763,24
"2042","2020-12","Africa","Rwanda","RWA",12626938,740,8
"2043","2020-12","Africa","Sao_Tome_and_Principe","STP",215048,20,0
"2044","2020-12","Africa","Senegal","SEN",16296362,1000,16
"2045","2020-12","Africa","Seychelles","SYC",97741,14,0
"2046","2020-12","Africa","Sierra_Leone","SLE",7813207,29,1
"2047","2020-12","Africa","Somalia","SOM",15442906,134,8
"2048","2020-12","Africa","South_Africa","ZAF",58558267,73262,1799
"2049","2020-12","Africa","South_Sudan","SSD",11062114,97,1
"2050","2020-12","Africa","Sudan","SDN",42813237,3759,106
"2051","2020-12","Africa","Togo","TGO",8082359,289,2
"2052","2020-12","Africa","Tunisia","TUN",11694721,15110,675
"2053","2020-12","Africa","Uganda","UGA",44269587,7387,20
"2054","2020-12","Africa","United_Republic_of_Tanzania","TZA",58005461,0,0
"2055","2020-12","Africa","Western_Sahara","ESH",582458,0,0
"2056","2020-12","Africa","Zambia","ZMB",17861034,666,10
"2057","2020-12","Africa","Zimbabwe","ZWE",14645473,1296,31
"2058","2020-12","America","Anguilla","AIA",14872,6,0
"2059","2020-12","America","Antigua_and_Barbuda","ATG",97115,7,0
"2060","2020-12","America","Argentina","ARG",44780675,79366,2293
"2061","2020-12","America","Aruba","ABW",106310,211,1
"2062","2020-12","America","Bahamas","BHS",389486,178,0
"2063","2020-12","America","Barbados","BRB",287021,17,0
"2064","2020-12","America","Belize","BLZ",390351,3552,48
"2065","2020-12","America","Bermuda","BMU",62508,180,0
"2066","2020-12","America","Bolivia","BOL",11513102,2528,66
"2067","2020-12","America","Bonaire, Saint Eustatius and Saba","BES",25983,12,0
"2068","2020-12","America","Brazil","BRA",211049519,587212,8569
"2069","2020-12","America","British_Virgin_Islands","VGB",30033,3,0
"2070","2020-12","America","Canada","CAN",37411038,90465,1399
"2071","2020-12","America","Cayman_Islands","CYM",64948,24,0
"2072","2020-12","America","Chile","CHL",18952035,21489,530
"2073","2020-12","America","Colombia","COL",50339443,117398,2469
"2074","2020-12","America","Costa_Rica","CRI",5047561,13854,205
"2075","2020-12","America","Cuba","CUB",11333484,1190,3
"2076","2020-12","America","Curacao","CUW",163423,1260,7
"2077","2020-12","America","Dominica","DMA",71808,2,0
"2078","2020-12","America","Dominican_Republic","DOM",10738957,11219,31
"2079","2020-12","America","Ecuador","ECU",17373657,9993,452
"2080","2020-12","America","El_Salvador","SLV",6453550,3475,91
"2081","2020-12","America","Falkland_Islands_(Malvinas)","FLK",3372,2,0
"2082","2020-12","America","Greenland","GRL",56660,1,0
"2083","2020-12","America","Grenada","GRD",112002,28,0
"2084","2020-12","America","Guatemala","GTM",17581476,7311,257
"2085","2020-12","America","Guyana","GUY",782775,544,5
"2086","2020-12","America","Haiti","HTI",11263079,301,2
"2087","2020-12","America","Honduras","HND",9746115,6471,66
"2088","2020-12","America","Jamaica","JAM",2948277,1001,17
"2089","2020-12","America","Mexico","MEX",127575529,142973,8298
"2090","2020-12","America","Montserrat","MSF",4991,0,0
"2091","2020-12","America","Nicaragua","NIC",6545503,103,2
"2092","2020-12","America","Panama","PAN",4246440,28278,296
"2093","2020-12","America","Paraguay","PRY",7044639,11676,210
"2094","2020-12","America","Peru","PER",32510462,22443,754
"2095","2020-12","America","Puerto_Rico","PRI",2933404,16563,178
"2096","2020-12","America","Saint_Kitts_and_Nevis","KNA",52834,5,0
"2097","2020-12","America","Saint_Lucia","LCA",182795,18,2
"2098","2020-12","America","Saint_Vincent_and_the_Grenadines","VCT",110593,13,0
"2099","2020-12","America","Sint_Maarten","SXM",42389,166,1
"2100","2020-12","America","Suriname","SUR",581363,41,0
"2101","2020-12","America","Trinidad_and_Tobago","TTO",1394969,219,2
"2102","2020-12","America","Turks_and_Caicos_islands","TCA",38194,21,0
"2103","2020-12","America","United_States_of_America","USA",329064917,2873433,32304
"2104","2020-12","America","United_States_Virgin_Islands","VIR",104579,263,0
"2105","2020-12","America","Uruguay","URY",3461731,3992,16
"2106","2020-12","America","Venezuela","VEN",28515829,5137,55
"2107","2020-12","Asia","Afghanistan","AFG",38041757,3429,208
"2108","2020-12","Asia","Bahrain","BHR",1641164,2356,7
"2109","2020-12","Asia","Bangladesh","BGD",163046173,28126,443
"2110","2020-12","Asia","Bhutan","BTN",763094,42,0
"2111","2020-12","Asia","Brunei_Darussalam","BRN",433296,2,0
"2112","2020-12","Asia","Cambodia","KHM",16486542,36,0
"2113","2020-12","Asia","China","CHN",1433783692,207,0
"2114","2020-12","Asia","India","IND",1366417756,452409,6216
"2115","2020-12","Asia","Indonesia","IDN",270625567,83554,2004
"2116","2020-12","Asia","Iran","IRN",82913893,159520,4321
"2117","2020-12","Asia","Iraq","IRQ",39309789,24199,355
"2118","2020-12","Asia","Israel","ISR",8519373,21879,135
"2119","2020-12","Asia","Japan","JPN",126860299,32893,466
"2120","2020-12","Asia","Jordan","JOR",10101697,45307,671
"2121","2020-12","Asia","Kazakhstan","KAZ",18551428,12471,119
"2122","2020-12","Asia","Kuwait","KWT",4207077,3792,33
"2123","2020-12","Asia","Kyrgyzstan","KGZ",6415851,4867,41
"2124","2020-12","Asia","Laos","LAO",7169456,2,0
"2125","2020-12","Asia","Lebanon","LBN",6855709,19576,196
"2126","2020-12","Asia","Malaysia","MYS",31949789,18990,58
"2127","2020-12","Asia","Maldives","MDV",530957,374,2
"2128","2020-12","Asia","Mongolia","MNG",3225166,121,0
"2129","2020-12","Asia","Myanmar","MMR",54045422,18856,350
"2130","2020-12","Asia","Nepal","NPL",28608715,16445,219
"2131","2020-12","Asia","Oman","OMN",4974992,2756,53
"2132","2020-12","Asia","Pakistan","PAK",216565317,42763,807
"2133","2020-12","Asia","Palestine","PSE",4981422,27869,272
"2134","2020-12","Asia","Philippines","PHL",108116622,19536,360
"2135","2020-12","Asia","Qatar","QAT",2832071,2313,3
"2136","2020-12","Asia","Saudi_Arabia","SAU",34268529,2760,164
"2137","2020-12","Asia","Singapore","SGP",5804343,107,0
"2138","2020-12","Asia","South_Korea","KOR",51225321,9283,61
"2139","2020-12","Asia","Sri_Lanka","LKA",21323734,9306,36
"2140","2020-12","Asia","Syria","SYR",17070132,1369,105
"2141","2020-12","Asia","Taiwan","CNG1925",23773881,65,0
"2142","2020-12","Asia","Tajikistan","TJK",9321023,549,2
"2143","2020-12","Asia","Thailand","THA",69625581,260,0
"2144","2020-12","Asia","Timor_Leste","TLS",1293120,1,0
"2145","2020-12","Asia","United_Arab_Emirates","ARE",9770526,17196,47
"2146","2020-12","Asia","Uzbekistan","UZB",32981715,2224,4
"2147","2020-12","Asia","Vietnam","VNM",96462108,54,0
"2148","2020-12","Asia","Yemen","YEM",29161922,6,1
"2149","2020-12","Europe","Albania","ALB",2862427,10905,205
"2150","2020-12","Europe","Andorra","AND",76177,626,3
"2151","2020-12","Europe","Armenia","ARM",2957728,13558,339
"2152","2020-12","Europe","Austria","AUT",8858775,41854,1496
"2153","2020-12","Europe","Azerbaijan","AZE",10047719,57679,561
"2154","2020-12","Europe","Belarus","BLR",9452409,25287,112
"2155","2020-12","Europe","Belgium","BEL",11455519,30170,1196
"2156","2020-12","Europe","Bosnia_and_Herzegovina","BIH",3300998,13743,716
"2157","2020-12","Europe","Bulgaria","BGR",7000039,36963,1874
"2158","2020-12","Europe","Croatia","HRV",4076246,49274,928
"2159","2020-12","Europe","Cyprus","CYP",875899,4718,30
"2160","2020-12","Europe","Czechia","CZE",10649800,61356,1471
"2161","2020-12","Europe","Denmark","DNK",5806081,30406,112
"2162","2020-12","Europe","Estonia","EST",1324820,6003,37
"2163","2020-12","Europe","Faroe_Islands","FRO",48677,26,0
"2164","2020-12","Europe","Finland","FIN",5517919,6181,60
"2165","2020-12","Europe","France","FRA",67012883,158369,5586
"2166","2020-12","Europe","Georgia","GEO",3996762,55479,572
"2167","2020-12","Europe","Germany","DEU",83019213,283209,5727
"2168","2020-12","Europe","Gibraltar","GIB",33706,61,0
"2169","2020-12","Europe","Greece","GRC",10724599,20307,1304
"2170","2020-12","Europe","Guernsey","GGY",64468,3,0
"2171","2020-12","Europe","Holy_See","VAT",815,0,0
"2172","2020-12","Europe","Hungary","HUN",9772756,66748,2307
"2173","2020-12","Europe","Iceland","ISL",356991,176,2
"2174","2020-12","Europe","Ireland","IRL",4904240,3944,72
"2175","2020-12","Europe","Isle_of_Man","IMN",84589,1,0
"2176","2020-12","Europe","Italy","ITA",60359546,258534,9616
"2177","2020-12","Europe","Jersey","JEY",107796,851,0
"2178","2020-12","Europe","Kosovo","XKX",1798506,7523,193
"2179","2020-12","Europe","Latvia","LVA",1919968,8700,152
"2180","2020-12","Europe","Liechtenstein","LIE",38378,241,3
"2181","2020-12","Europe","Lithuania","LTU",2794184,33696,319
"2182","2020-12","Europe","Luxembourg","LUX",613894,7299,90
"2183","2020-12","Europe","Malta","MLT",493559,1349,33
"2184","2020-12","Europe","Moldova","MDA",4043258,19501,282
"2185","2020-12","Europe","Monaco","MCO",33085,60,0
"2186","2020-12","Europe","Montenegro","MNE",622182,6545,95
"2187","2020-12","Europe","Netherlands","NLD",17282163,94473,698
"2188","2020-12","Europe","North_Macedonia","MKD",2077132,12095,390
"2189","2020-12","Europe","Norway","NOR",5328212,5275,59
"2190","2020-12","Europe","Poland","POL",37972812,150601,5835
"2191","2020-12","Europe","Portugal","PRT",10276617,53945,1132
"2192","2020-12","Europe","Romania","ROU",19414458,84799,2192
"2193","2020-12","Europe","Russia","RUS",145872260,384612,7414
"2194","2020-12","Europe","San_Marino","SMR",34453,361,6
"2195","2020-12","Europe","Serbia","SRB",6963764,97218,782
"2196","2020-12","Europe","Slovakia","SVK",5450421,27251,359
"2197","2020-12","Europe","Slovenia","SVN",2080908,20933,532
"2198","2020-12","Europe","Spain","ESP",46937060,82388,2555
"2199","2020-12","Europe","Sweden","SWE",10230185,62536,374
"2200","2020-12","Europe","Switzerland","CHE",8544527,55312,1142
"2201","2020-12","Europe","Turkey","TUR",82003882,409380,2641
"2202","2020-12","Europe","Ukraine","UKR",43993643,177987,3034
"2203","2020-12","Europe","United_Kingdom","GBR",66647112,232076,5925
"2204","2020-12","Oceania","Australia","AUS",25203200,138,1
"2205","2020-12","Oceania","Fiji","FJI",889955,4,0
"2206","2020-12","Oceania","French_Polynesia","PYF",279285,1522,18
"2207","2020-12","Oceania","Guam","GUM",167295,288,6
"2208","2020-12","Oceania","Marshall_Islands","MHL",58791,0,0
"2209","2020-12","Oceania","New_Caledonia","NCL",282757,4,0
"2210","2020-12","Oceania","New_Zealand","NZL",4783062,40,0
"2211","2020-12","Oceania","Northern_Mariana_Islands","MNP",57213,7,0
"2212","2020-12","Oceania","Papua_New_Guinea","PNG",8776119,70,1
"2213","2020-12","Oceania","Solomon_Islands","SLB",669821,0,0
"2214","2020-12","Oceania","Vanuatu","VUT",299882,0,0
