"","country","continent","year","lifeExp","pop","gdpPercap","diff_lifeExp","diff_pop"
"1","Afghanistan","Asia",1952,28.801,8425333,779.4453145,0,0
"2","Afghanistan","Asia",1957,30.332,9240934,820.8530296,1.531,815601
"3","Afghanistan","Asia",1962,31.997,10267083,853.10071,1.665,1026149
"4","Afghanistan","Asia",1967,34.02,11537966,836.1971382,2.023,1270883
"5","Afghanistan","Asia",1972,36.088,13079460,739.9811058,2.068,1541494
"6","Afghanistan","Asia",1977,38.438,14880372,786.11336,2.35,1800912
"7","Afghanistan","Asia",1982,39.854,12881816,978.0114388,1.416,-1998556
"8","Afghanistan","Asia",1987,40.822,13867957,852.3959448,0.968000000000004,986141
"9","Afghanistan","Asia",1992,41.674,16317921,649.3413952,0.851999999999997,2449964
"10","Afghanistan","Asia",1997,41.763,22227415,635.341351,0.0889999999999986,5909494
"11","Afghanistan","Asia",2002,42.129,25268405,726.7340548,0.366,3040990
"12","Afghanistan","Asia",2007,43.828,31889923,974.5803384,1.69900000000001,6621518
"13","Albania","Europe",1952,55.23,1282697,1601.056136,0,0
"14","Albania","Europe",1957,59.28,1476505,1942.284244,4.05,193808
"15","Albania","Europe",1962,64.82,1728137,2312.888958,5.53999999999999,251632
"16","Albania","Europe",1967,66.22,1984060,2760.196931,1.40000000000001,255923
"17","Albania","Europe",1972,67.69,2263554,3313.422188,1.47,279494
"18","Albania","Europe",1977,68.93,2509048,3533.00391,1.24000000000001,245494
"19","Albania","Europe",1982,70.42,2780097,3630.880722,1.48999999999999,271049
"20","Albania","Europe",1987,72,3075321,3738.932735,1.58,295224
"21","Albania","Europe",1992,71.581,3326498,2497.437901,-0.418999999999997,251177
"22","Albania","Europe",1997,72.95,3428038,3193.054604,1.369,101540
"23","Albania","Europe",2002,75.651,3508512,4604.211737,2.70099999999999,80474
"24","Albania","Europe",2007,76.423,3600523,5937.029526,0.772000000000006,92011
"25","Algeria","Africa",1952,43.077,9279525,2449.008185,0,0
"26","Algeria","Africa",1957,45.685,10270856,3013.976023,2.608,991331
"27","Algeria","Africa",1962,48.303,11000948,2550.81688,2.61799999999999,730092
"28","Algeria","Africa",1967,51.407,12760499,3246.991771,3.104,1759551
"29","Algeria","Africa",1972,54.518,14760787,4182.663766,3.111,2000288
"30","Algeria","Africa",1977,58.014,17152804,4910.416756,3.496,2392017
"31","Algeria","Africa",1982,61.368,20033753,5745.160213,3.354,2880949
"32","Algeria","Africa",1987,65.799,23254956,5681.358539,4.431,3221203
"33","Algeria","Africa",1992,67.744,26298373,5023.216647,1.94499999999999,3043417
"34","Algeria","Africa",1997,69.152,29072015,4797.295051,1.408,2773642
"35","Algeria","Africa",2002,70.994,31287142,5288.040382,1.842,2215127
"36","Algeria","Africa",2007,72.301,33333216,6223.367465,1.307,2046074
"37","Angola","Africa",1952,30.015,4232095,3520.610273,0,0
"38","Angola","Africa",1957,31.999,4561361,3827.940465,1.984,329266
"39","Angola","Africa",1962,34,4826015,4269.276742,2.001,264654
"40","Angola","Africa",1967,35.985,5247469,5522.776375,1.985,421454
"41","Angola","Africa",1972,37.928,5894858,5473.288005,1.943,647389
"42","Angola","Africa",1977,39.483,6162675,3008.647355,1.555,267817
"43","Angola","Africa",1982,39.942,7016384,2756.953672,0.459000000000003,853709
"44","Angola","Africa",1987,39.906,7874230,2430.208311,-0.0360000000000014,857846
"45","Angola","Africa",1992,40.647,8735988,2627.845685,0.741,861758
"46","Angola","Africa",1997,40.963,9875024,2277.140884,0.316000000000003,1139036
"47","Angola","Africa",2002,41.003,10866106,2773.287312,0.0399999999999991,991082
"48","Angola","Africa",2007,42.731,12420476,4797.231267,1.728,1554370
"49","Argentina","Americas",1952,62.485,17876956,5911.315053,0,0
"50","Argentina","Americas",1957,64.399,19610538,6856.856212,1.914,1733582
"51","Argentina","Americas",1962,65.142,21283783,7133.166023,0.742999999999995,1673245
"52","Argentina","Americas",1967,65.634,22934225,8052.953021,0.492000000000004,1650442
"53","Argentina","Americas",1972,67.065,24779799,9443.038526,1.431,1845574
"54","Argentina","Americas",1977,68.481,26983828,10079.02674,1.416,2204029
"55","Argentina","Americas",1982,69.942,29341374,8997.897412,1.461,2357546
"56","Argentina","Americas",1987,70.774,31620918,9139.671389,0.832000000000008,2279544
"57","Argentina","Americas",1992,71.868,33958947,9308.41871,1.09399999999999,2338029
"58","Argentina","Americas",1997,73.275,36203463,10967.28195,1.40700000000001,2244516
"59","Argentina","Americas",2002,74.34,38331121,8797.640716,1.065,2127658
"60","Argentina","Americas",2007,75.32,40301927,12779.37964,0.97999999999999,1970806
"61","Australia","Oceania",1952,69.12,8691212,10039.59564,0,0
"62","Australia","Oceania",1957,70.33,9712569,10949.64959,1.20999999999999,1021357
"63","Australia","Oceania",1962,70.93,10794968,12217.22686,0.600000000000009,1082399
"64","Australia","Oceania",1967,71.1,11872264,14526.12465,0.169999999999987,1077296
"65","Australia","Oceania",1972,71.93,13177000,16788.62948,0.830000000000013,1304736
"66","Australia","Oceania",1977,73.49,14074100,18334.19751,1.55999999999999,897100
"67","Australia","Oceania",1982,74.74,15184200,19477.00928,1.25,1110100
"68","Australia","Oceania",1987,76.32,16257249,21888.88903,1.58,1073049
"69","Australia","Oceania",1992,77.56,17481977,23424.76683,1.24000000000001,1224728
"70","Australia","Oceania",1997,78.83,18565243,26997.93657,1.27,1083266
"71","Australia","Oceania",2002,80.37,19546792,30687.75473,1.54000000000001,981549
"72","Australia","Oceania",2007,81.235,20434176,34435.36744,0.864999999999995,887384
"73","Austria","Europe",1952,66.8,6927772,6137.076492,0,0
"74","Austria","Europe",1957,67.48,6965860,8842.59803,0.680000000000007,38088
"75","Austria","Europe",1962,69.54,7129864,10750.72111,2.06,164004
"76","Austria","Europe",1967,70.14,7376998,12834.6024,0.599999999999994,247134
"77","Austria","Europe",1972,70.63,7544201,16661.6256,0.489999999999995,167203
"78","Austria","Europe",1977,72.17,7568430,19749.4223,1.54000000000001,24229
"79","Austria","Europe",1982,73.18,7574613,21597.08362,1.01000000000001,6183
"80","Austria","Europe",1987,74.94,7578903,23687.82607,1.75999999999999,4290
"81","Austria","Europe",1992,76.04,7914969,27042.01868,1.10000000000001,336066
"82","Austria","Europe",1997,77.51,8069876,29095.92066,1.47,154907
"83","Austria","Europe",2002,78.98,8148312,32417.60769,1.47,78436
"84","Austria","Europe",2007,79.829,8199783,36126.4927,0.84899999999999,51471
"85","Bahrain","Asia",1952,50.939,120447,9867.084765,0,0
"86","Bahrain","Asia",1957,53.832,138655,11635.79945,2.893,18208
"87","Bahrain","Asia",1962,56.923,171863,12753.27514,3.091,33208
"88","Bahrain","Asia",1967,59.923,202182,14804.6727,3,30319
"89","Bahrain","Asia",1972,63.3,230800,18268.65839,3.377,28618
"90","Bahrain","Asia",1977,65.593,297410,19340.10196,2.29300000000001,66610
"91","Bahrain","Asia",1982,69.052,377967,19211.14731,3.459,80557
"92","Bahrain","Asia",1987,70.75,454612,18524.02406,1.69799999999999,76645
"93","Bahrain","Asia",1992,72.601,529491,19035.57917,1.851,74879
"94","Bahrain","Asia",1997,73.925,598561,20292.01679,1.324,69070
"95","Bahrain","Asia",2002,74.795,656397,23403.55927,0.870000000000005,57836
"96","Bahrain","Asia",2007,75.635,708573,29796.04834,0.840000000000003,52176
"97","Bangladesh","Asia",1952,37.484,46886859,684.2441716,0,0
"98","Bangladesh","Asia",1957,39.348,51365468,661.6374577,1.864,4478609
"99","Bangladesh","Asia",1962,41.216,56839289,686.3415538,1.868,5473821
"100","Bangladesh","Asia",1967,43.453,62821884,721.1860862,2.237,5982595
"101","Bangladesh","Asia",1972,45.252,70759295,630.2336265,1.799,7937411
"102","Bangladesh","Asia",1977,46.923,80428306,659.8772322,1.671,9669011
"103","Bangladesh","Asia",1982,50.009,93074406,676.9818656,3.086,12646100
"104","Bangladesh","Asia",1987,52.819,103764241,751.9794035,2.81,10689835
"105","Bangladesh","Asia",1992,56.018,113704579,837.8101643,3.199,9940338
"106","Bangladesh","Asia",1997,59.412,123315288,972.7700352,3.394,9610709
"107","Bangladesh","Asia",2002,62.013,135656790,1136.39043,2.601,12341502
"108","Bangladesh","Asia",2007,64.062,150448339,1391.253792,2.049,14791549
"109","Belgium","Europe",1952,68,8730405,8343.105127,0,0
"110","Belgium","Europe",1957,69.24,8989111,9714.960623,1.23999999999999,258706
"111","Belgium","Europe",1962,70.25,9218400,10991.20676,1.01000000000001,229289
"112","Belgium","Europe",1967,70.94,9556500,13149.04119,0.689999999999998,338100
"113","Belgium","Europe",1972,71.44,9709100,16672.14356,0.5,152600
"114","Belgium","Europe",1977,72.8,9821800,19117.97448,1.36,112700
"115","Belgium","Europe",1982,73.93,9856303,20979.84589,1.13000000000001,34503
"116","Belgium","Europe",1987,75.35,9870200,22525.56308,1.41999999999999,13897
"117","Belgium","Europe",1992,76.46,10045622,25575.57069,1.11,175422
"118","Belgium","Europe",1997,77.53,10199787,27561.19663,1.07000000000001,154165
"119","Belgium","Europe",2002,78.32,10311970,30485.88375,0.789999999999992,112183
"120","Belgium","Europe",2007,79.441,10392226,33692.60508,1.12100000000001,80256
"121","Benin","Africa",1952,38.223,1738315,1062.7522,0,0
"122","Benin","Africa",1957,40.358,1925173,959.6010805,2.135,186858
"123","Benin","Africa",1962,42.618,2151895,949.4990641,2.26000000000001,226722
"124","Benin","Africa",1967,44.885,2427334,1035.831411,2.267,275439
"125","Benin","Africa",1972,47.014,2761407,1085.796879,2.129,334073
"126","Benin","Africa",1977,49.19,3168267,1029.161251,2.17599999999999,406860
"127","Benin","Africa",1982,50.904,3641603,1277.897616,1.71400000000001,473336
"128","Benin","Africa",1987,52.337,4243788,1225.85601,1.433,602185
"129","Benin","Africa",1992,53.919,4981671,1191.207681,1.58199999999999,737883
"130","Benin","Africa",1997,54.777,6066080,1232.975292,0.858000000000004,1084409
"131","Benin","Africa",2002,54.406,7026113,1372.877931,-0.371000000000002,960033
"132","Benin","Africa",2007,56.728,8078314,1441.284873,2.322,1052201
"133","Bolivia","Americas",1952,40.414,2883315,2677.326347,0,0
"134","Bolivia","Americas",1957,41.89,3211738,2127.686326,1.476,328423
"135","Bolivia","Americas",1962,43.428,3593918,2180.972546,1.538,382180
"136","Bolivia","Americas",1967,45.032,4040665,2586.886053,1.604,446747
"137","Bolivia","Americas",1972,46.714,4565872,2980.331339,1.682,525207
"138","Bolivia","Americas",1977,50.023,5079716,3548.097832,3.309,513844
"139","Bolivia","Americas",1982,53.859,5642224,3156.510452,3.836,562508
"140","Bolivia","Americas",1987,57.251,6156369,2753.69149,3.392,514145
"141","Bolivia","Americas",1992,59.957,6893451,2961.699694,2.706,737082
"142","Bolivia","Americas",1997,62.05,7693188,3326.143191,2.093,799737
"143","Bolivia","Americas",2002,63.883,8445134,3413.26269,1.83300000000001,751946
"144","Bolivia","Americas",2007,65.554,9119152,3822.137084,1.671,674018
"145","Bosnia and Herzegovina","Europe",1952,53.82,2791000,973.5331948,0,0
"146","Bosnia and Herzegovina","Europe",1957,58.45,3076000,1353.989176,4.63,285000
"147","Bosnia and Herzegovina","Europe",1962,61.93,3349000,1709.683679,3.48,273000
"148","Bosnia and Herzegovina","Europe",1967,64.79,3585000,2172.352423,2.86000000000001,236000
"149","Bosnia and Herzegovina","Europe",1972,67.45,3819000,2860.16975,2.66,234000
"150","Bosnia and Herzegovina","Europe",1977,69.86,4086000,3528.481305,2.41,267000
"151","Bosnia and Herzegovina","Europe",1982,70.69,4172693,4126.613157,0.829999999999998,86693
"152","Bosnia and Herzegovina","Europe",1987,71.14,4338977,4314.114757,0.450000000000003,166284
"153","Bosnia and Herzegovina","Europe",1992,72.178,4256013,2546.781445,1.038,-82964
"154","Bosnia and Herzegovina","Europe",1997,73.244,3607000,4766.355904,1.066,-649013
"155","Bosnia and Herzegovina","Europe",2002,74.09,4165416,6018.975239,0.846000000000004,558416
"156","Bosnia and Herzegovina","Europe",2007,74.852,4552198,7446.298803,0.762,386782
"157","Botswana","Africa",1952,47.622,442308,851.2411407,0,0
"158","Botswana","Africa",1957,49.618,474639,918.2325349,1.996,32331
"159","Botswana","Africa",1962,51.52,512764,983.6539764,1.902,38125
"160","Botswana","Africa",1967,53.298,553541,1214.709294,1.778,40777
"161","Botswana","Africa",1972,56.024,619351,2263.611114,2.726,65810
"162","Botswana","Africa",1977,59.319,781472,3214.857818,3.295,162121
"163","Botswana","Africa",1982,61.484,970347,4551.14215,2.165,188875
"164","Botswana","Africa",1987,63.622,1151184,6205.88385,2.138,180837
"165","Botswana","Africa",1992,62.745,1342614,7954.111645,-0.877000000000002,191430
"166","Botswana","Africa",1997,52.556,1536536,8647.142313,-10.189,193922
"167","Botswana","Africa",2002,46.634,1630347,11003.60508,-5.922,93811
"168","Botswana","Africa",2007,50.728,1639131,12569.85177,4.094,8784
"169","Brazil","Americas",1952,50.917,56602560,2108.944355,0,0
"170","Brazil","Americas",1957,53.285,65551171,2487.365989,2.36799999999999,8948611
"171","Brazil","Americas",1962,55.665,76039390,3336.585802,2.38,10488219
"172","Brazil","Americas",1967,57.632,88049823,3429.864357,1.967,12010433
"173","Brazil","Americas",1972,59.504,100840058,4985.711467,1.872,12790235
"174","Brazil","Americas",1977,61.489,114313951,6660.118654,1.985,13473893
"175","Brazil","Americas",1982,63.336,128962939,7030.835878,1.847,14648988
"176","Brazil","Americas",1987,65.205,142938076,7807.095818,1.869,13975137
"177","Brazil","Americas",1992,67.057,155975974,6950.283021,1.852,13037898
"178","Brazil","Americas",1997,69.388,168546719,7957.980824,2.331,12570745
"179","Brazil","Americas",2002,71.006,179914212,8131.212843,1.61799999999999,11367493
"180","Brazil","Americas",2007,72.39,190010647,9065.800825,1.384,10096435
"181","Bulgaria","Europe",1952,59.6,7274900,2444.286648,0,0
"182","Bulgaria","Europe",1957,66.61,7651254,3008.670727,7.01,376354
"183","Bulgaria","Europe",1962,69.51,8012946,4254.337839,2.90000000000001,361692
"184","Bulgaria","Europe",1967,70.42,8310226,5577.0028,0.909999999999997,297280
"185","Bulgaria","Europe",1972,70.9,8576200,6597.494398,0.480000000000004,265974
"186","Bulgaria","Europe",1977,70.81,8797022,7612.240438,-0.0900000000000034,220822
"187","Bulgaria","Europe",1982,71.08,8892098,8224.191647,0.269999999999996,95076
"188","Bulgaria","Europe",1987,71.34,8971958,8239.854824,0.260000000000005,79860
"189","Bulgaria","Europe",1992,71.19,8658506,6302.623438,-0.150000000000006,-313452
"190","Bulgaria","Europe",1997,70.32,8066057,5970.38876,-0.870000000000005,-592449
"191","Bulgaria","Europe",2002,72.14,7661799,7696.777725,1.82000000000001,-404258
"192","Bulgaria","Europe",2007,73.005,7322858,10680.79282,0.864999999999995,-338941
"193","Burkina Faso","Africa",1952,31.975,4469979,543.2552413,0,0
"194","Burkina Faso","Africa",1957,34.906,4713416,617.1834648,2.931,243437
"195","Burkina Faso","Africa",1962,37.814,4919632,722.5120206,2.908,206216
"196","Burkina Faso","Africa",1967,40.697,5127935,794.8265597,2.883,208303
"197","Burkina Faso","Africa",1972,43.591,5433886,854.7359763,2.894,305951
"198","Burkina Faso","Africa",1977,46.137,5889574,743.3870368,2.546,455688
"199","Burkina Faso","Africa",1982,48.122,6634596,807.1985855,1.985,745022
"200","Burkina Faso","Africa",1987,49.557,7586551,912.0631417,1.435,951955
"201","Burkina Faso","Africa",1992,50.26,8878303,931.7527731,0.702999999999996,1291752
"202","Burkina Faso","Africa",1997,50.324,10352843,946.2949618,0.0640000000000001,1474540
"203","Burkina Faso","Africa",2002,50.65,12251209,1037.645221,0.326000000000001,1898366
"204","Burkina Faso","Africa",2007,52.295,14326203,1217.032994,1.645,2074994
"205","Burundi","Africa",1952,39.031,2445618,339.2964587,0,0
"206","Burundi","Africa",1957,40.533,2667518,379.5646281,1.502,221900
"207","Burundi","Africa",1962,42.045,2961915,355.2032273,1.512,294397
"208","Burundi","Africa",1967,43.548,3330989,412.9775136,1.503,369074
"209","Burundi","Africa",1972,44.057,3529983,464.0995039,0.509,198994
"210","Burundi","Africa",1977,45.91,3834415,556.1032651,1.85299999999999,304432
"211","Burundi","Africa",1982,47.471,4580410,559.603231,1.561,745995
"212","Burundi","Africa",1987,48.211,5126023,621.8188189,0.740000000000002,545613
"213","Burundi","Africa",1992,44.736,5809236,631.6998778,-3.475,683213
"214","Burundi","Africa",1997,45.326,6121610,463.1151478,0.590000000000003,312374
"215","Burundi","Africa",2002,47.36,7021078,446.4035126,2.034,899468
"216","Burundi","Africa",2007,49.58,8390505,430.0706916,2.22,1369427
"217","Cambodia","Asia",1952,39.417,4693836,368.4692856,0,0
"218","Cambodia","Asia",1957,41.366,5322536,434.0383364,1.949,628700
"219","Cambodia","Asia",1962,43.415,6083619,496.9136476,2.049,761083
"220","Cambodia","Asia",1967,45.415,6960067,523.4323142,2,876448
"221","Cambodia","Asia",1972,40.317,7450606,421.6240257,-5.098,490539
"222","Cambodia","Asia",1977,31.22,6978607,524.9721832,-9.097,-471999
"223","Cambodia","Asia",1982,50.957,7272485,624.4754784,19.737,293878
"224","Cambodia","Asia",1987,53.914,8371791,683.8955732,2.957,1099306
"225","Cambodia","Asia",1992,55.803,10150094,682.3031755,1.889,1778303
"226","Cambodia","Asia",1997,56.534,11782962,734.28517,0.731000000000002,1632868
"227","Cambodia","Asia",2002,56.752,12926707,896.2260153,0.218000000000004,1143745
"228","Cambodia","Asia",2007,59.723,14131858,1713.778686,2.971,1205151
"229","Cameroon","Africa",1952,38.523,5009067,1172.667655,0,0
"230","Cameroon","Africa",1957,40.428,5359923,1313.048099,1.90499999999999,350856
"231","Cameroon","Africa",1962,42.643,5793633,1399.607441,2.215,433710
"232","Cameroon","Africa",1967,44.799,6335506,1508.453148,2.156,541873
"233","Cameroon","Africa",1972,47.049,7021028,1684.146528,2.25,685522
"234","Cameroon","Africa",1977,49.355,7959865,1783.432873,2.306,938837
"235","Cameroon","Africa",1982,52.961,9250831,2367.983282,3.606,1290966
"236","Cameroon","Africa",1987,54.985,10780667,2602.664206,2.024,1529836
"237","Cameroon","Africa",1992,54.314,12467171,1793.163278,-0.670999999999999,1686504
"238","Cameroon","Africa",1997,52.199,14195809,1694.337469,-2.115,1728638
"239","Cameroon","Africa",2002,49.856,15929988,1934.011449,-2.343,1734179
"240","Cameroon","Africa",2007,50.43,17696293,2042.09524,0.573999999999998,1766305
"241","Canada","Americas",1952,68.75,14785584,11367.16112,0,0
"242","Canada","Americas",1957,69.96,17010154,12489.95006,1.20999999999999,2224570
"243","Canada","Americas",1962,71.3,18985849,13462.48555,1.34,1975695
"244","Canada","Americas",1967,72.13,20819767,16076.58803,0.829999999999998,1833918
"245","Canada","Americas",1972,72.88,22284500,18970.57086,0.75,1464733
"246","Canada","Americas",1977,74.21,23796400,22090.88306,1.33,1511900
"247","Canada","Americas",1982,75.76,25201900,22898.79214,1.55000000000001,1405500
"248","Canada","Americas",1987,76.86,26549700,26626.51503,1.09999999999999,1347800
"249","Canada","Americas",1992,77.95,28523502,26342.88426,1.09,1973802
"250","Canada","Americas",1997,78.61,30305843,28954.92589,0.659999999999997,1782341
"251","Canada","Americas",2002,79.77,31902268,33328.96507,1.16,1596425
"252","Canada","Americas",2007,80.653,33390141,36319.23501,0.88300000000001,1487873
"253","Central African Republic","Africa",1952,35.463,1291695,1071.310713,0,0
"254","Central African Republic","Africa",1957,37.464,1392284,1190.844328,2.001,100589
"255","Central African Republic","Africa",1962,39.475,1523478,1193.068753,2.011,131194
"256","Central African Republic","Africa",1967,41.478,1733638,1136.056615,2.003,210160
"257","Central African Republic","Africa",1972,43.457,1927260,1070.013275,1.979,193622
"258","Central African Republic","Africa",1977,46.775,2167533,1109.374338,3.318,240273
"259","Central African Republic","Africa",1982,48.295,2476971,956.7529907,1.52,309438
"260","Central African Republic","Africa",1987,50.485,2840009,844.8763504,2.19,363038
"261","Central African Republic","Africa",1992,49.396,3265124,747.9055252,-1.089,425115
"262","Central African Republic","Africa",1997,46.066,3696513,740.5063317,-3.33,431389
"263","Central African Republic","Africa",2002,43.308,4048013,738.6906068,-2.758,351500
"264","Central African Republic","Africa",2007,44.741,4369038,706.016537,1.433,321025
"265","Chad","Africa",1952,38.092,2682462,1178.665927,0,0
"266","Chad","Africa",1957,39.881,2894855,1308.495577,1.789,212393
"267","Chad","Africa",1962,41.716,3150417,1389.817618,1.835,255562
"268","Chad","Africa",1967,43.601,3495967,1196.810565,1.885,345550
"269","Chad","Africa",1972,45.569,3899068,1104.103987,1.968,403101
"270","Chad","Africa",1977,47.383,4388260,1133.98495,1.814,489192
"271","Chad","Africa",1982,49.517,4875118,797.9081006,2.134,486858
"272","Chad","Africa",1987,51.051,5498955,952.386129,1.534,623837
"273","Chad","Africa",1992,51.724,6429417,1058.0643,0.672999999999995,930462
"274","Chad","Africa",1997,51.573,7562011,1004.961353,-0.150999999999996,1132594
"275","Chad","Africa",2002,50.525,8835739,1156.18186,-1.048,1273728
"276","Chad","Africa",2007,50.651,10238807,1704.063724,0.126000000000005,1403068
"277","Chile","Americas",1952,54.745,6377619,3939.978789,0,0
"278","Chile","Americas",1957,56.074,7048426,4315.622723,1.329,670807
"279","Chile","Americas",1962,57.924,7961258,4519.094331,1.85,912832
"280","Chile","Americas",1967,60.523,8858908,5106.654313,2.599,897650
"281","Chile","Americas",1972,63.441,9717524,5494.024437,2.918,858616
"282","Chile","Americas",1977,67.052,10599793,4756.763836,3.611,882269
"283","Chile","Americas",1982,70.565,11487112,5095.665738,3.51299999999999,887319
"284","Chile","Americas",1987,72.492,12463354,5547.063754,1.92700000000001,976242
"285","Chile","Americas",1992,74.126,13572994,7596.125964,1.634,1109640
"286","Chile","Americas",1997,75.816,14599929,10118.05318,1.69,1026935
"287","Chile","Americas",2002,77.86,15497046,10778.78385,2.044,897117
"288","Chile","Americas",2007,78.553,16284741,13171.63885,0.692999999999998,787695
"289","China","Asia",1952,44,556263527,400.448611,0,0
"290","China","Asia",1957,50.54896,637408000,575.9870009,6.54896,81144473
"291","China","Asia",1962,44.50136,665770000,487.6740183,-6.0476,28362000
"292","China","Asia",1967,58.38112,754550000,612.7056934,13.87976,88780000
"293","China","Asia",1972,63.11888,862030000,676.9000921,4.73775999999999,107480000
"294","China","Asia",1977,63.96736,943455000,741.2374699,0.848480000000002,81425000
"295","China","Asia",1982,65.525,1000281000,962.4213805,1.55764000000001,56826000
"296","China","Asia",1987,67.274,1084035000,1378.904018,1.749,83754000
"297","China","Asia",1992,68.69,1164970000,1655.784158,1.416,80935000
"298","China","Asia",1997,70.426,1230075000,2289.234136,1.736,65105000
"299","China","Asia",2002,72.028,1280400000,3119.280896,1.602,50325000
"300","China","Asia",2007,72.961,1318683096,4959.114854,0.932999999999993,38283096
"301","Colombia","Americas",1952,50.643,12350771,2144.115096,0,0
"302","Colombia","Americas",1957,55.118,14485993,2323.805581,4.475,2135222
"303","Colombia","Americas",1962,57.863,17009885,2492.351109,2.745,2523892
"304","Colombia","Americas",1967,59.963,19764027,2678.729839,2.1,2754142
"305","Colombia","Americas",1972,61.623,22542890,3264.660041,1.66,2778863
"306","Colombia","Americas",1977,63.837,25094412,3815.80787,2.21400000000001,2551522
"307","Colombia","Americas",1982,66.653,27764644,4397.575659,2.816,2670232
"308","Colombia","Americas",1987,67.768,30964245,4903.2191,1.11499999999999,3199601
"309","Colombia","Americas",1992,68.421,34202721,5444.648617,0.653000000000006,3238476
"310","Colombia","Americas",1997,70.313,37657830,6117.361746,1.892,3455109
"311","Colombia","Americas",2002,71.682,41008227,5755.259962,1.369,3350397
"312","Colombia","Americas",2007,72.889,44227550,7006.580419,1.20699999999999,3219323
"313","Comoros","Africa",1952,40.715,153936,1102.990936,0,0
"314","Comoros","Africa",1957,42.46,170928,1211.148548,1.745,16992
"315","Comoros","Africa",1962,44.467,191689,1406.648278,2.007,20761
"316","Comoros","Africa",1967,46.472,217378,1876.029643,2.005,25689
"317","Comoros","Africa",1972,48.944,250027,1937.577675,2.472,32649
"318","Comoros","Africa",1977,50.939,304739,1172.603047,1.995,54712
"319","Comoros","Africa",1982,52.933,348643,1267.100083,1.994,43904
"320","Comoros","Africa",1987,54.926,395114,1315.980812,1.993,46471
"321","Comoros","Africa",1992,57.939,454429,1246.90737,3.013,59315
"322","Comoros","Africa",1997,60.66,527982,1173.618235,2.721,73553
"323","Comoros","Africa",2002,62.974,614382,1075.811558,2.314,86400
"324","Comoros","Africa",2007,65.152,710960,986.1478792,2.178,96578
"325","Congo, Dem. Rep.","Africa",1952,39.143,14100005,780.5423257,0,0
"326","Congo, Dem. Rep.","Africa",1957,40.652,15577932,905.8602303,1.509,1477927
"327","Congo, Dem. Rep.","Africa",1962,42.122,17486434,896.3146335,1.47,1908502
"328","Congo, Dem. Rep.","Africa",1967,44.056,19941073,861.5932424,1.934,2454639
"329","Congo, Dem. Rep.","Africa",1972,45.989,23007669,904.8960685,1.933,3066596
"330","Congo, Dem. Rep.","Africa",1977,47.804,26480870,795.757282,1.815,3473201
"331","Congo, Dem. Rep.","Africa",1982,47.784,30646495,673.7478181,-0.0200000000000031,4165625
"332","Congo, Dem. Rep.","Africa",1987,47.412,35481645,672.774812,-0.372,4835150
"333","Congo, Dem. Rep.","Africa",1992,45.548,41672143,457.7191807,-1.864,6190498
"334","Congo, Dem. Rep.","Africa",1997,42.587,47798986,312.188423,-2.961,6126843
"335","Congo, Dem. Rep.","Africa",2002,44.966,55379852,241.1658765,2.379,7580866
"336","Congo, Dem. Rep.","Africa",2007,46.462,64606759,277.5518587,1.496,9226907
"337","Congo, Rep.","Africa",1952,42.111,854885,2125.621418,0,0
"338","Congo, Rep.","Africa",1957,45.053,940458,2315.056572,2.942,85573
"339","Congo, Rep.","Africa",1962,48.435,1047924,2464.783157,3.38200000000001,107466
"340","Congo, Rep.","Africa",1967,52.04,1179760,2677.939642,3.605,131836
"341","Congo, Rep.","Africa",1972,54.907,1340458,3213.152683,2.867,160698
"342","Congo, Rep.","Africa",1977,55.625,1536769,3259.178978,0.718000000000004,196311
"343","Congo, Rep.","Africa",1982,56.695,1774735,4879.507522,1.07,237966
"344","Congo, Rep.","Africa",1987,57.47,2064095,4201.194937,0.774999999999999,289360
"345","Congo, Rep.","Africa",1992,56.433,2409073,4016.239529,-1.037,344978
"346","Congo, Rep.","Africa",1997,52.962,2800947,3484.164376,-3.471,391874
"347","Congo, Rep.","Africa",2002,52.97,3328795,3484.06197,0.00799999999999557,527848
"348","Congo, Rep.","Africa",2007,55.322,3800610,3632.557798,2.352,471815
"349","Costa Rica","Americas",1952,57.206,926317,2627.009471,0,0
"350","Costa Rica","Americas",1957,60.026,1112300,2990.010802,2.82,185983
"351","Costa Rica","Americas",1962,62.842,1345187,3460.937025,2.816,232887
"352","Costa Rica","Americas",1967,65.424,1588717,4161.727834,2.58200000000001,243530
"353","Costa Rica","Americas",1972,67.849,1834796,5118.146939,2.425,246079
"354","Costa Rica","Americas",1977,70.75,2108457,5926.876967,2.901,273661
"355","Costa Rica","Americas",1982,73.45,2424367,5262.734751,2.7,315910
"356","Costa Rica","Americas",1987,74.752,2799811,5629.915318,1.30199999999999,375444
"357","Costa Rica","Americas",1992,75.713,3173216,6160.416317,0.960999999999999,373405
"358","Costa Rica","Americas",1997,77.26,3518107,6677.045314,1.54700000000001,344891
"359","Costa Rica","Americas",2002,78.123,3834934,7723.447195,0.863,316827
"360","Costa Rica","Americas",2007,78.782,4133884,9645.06142,0.658999999999992,298950
"361","Cote d'Ivoire","Africa",1952,40.477,2977019,1388.594732,0,0
"362","Cote d'Ivoire","Africa",1957,42.469,3300000,1500.895925,1.992,322981
"363","Cote d'Ivoire","Africa",1962,44.93,3832408,1728.869428,2.461,532408
"364","Cote d'Ivoire","Africa",1967,47.35,4744870,2052.050473,2.42,912462
"365","Cote d'Ivoire","Africa",1972,49.801,6071696,2378.201111,2.451,1326826
"366","Cote d'Ivoire","Africa",1977,52.374,7459574,2517.736547,2.573,1387878
"367","Cote d'Ivoire","Africa",1982,53.983,9025951,2602.710169,1.60899999999999,1566377
"368","Cote d'Ivoire","Africa",1987,54.655,10761098,2156.956069,0.672000000000004,1735147
"369","Cote d'Ivoire","Africa",1992,52.044,12772596,1648.073791,-2.611,2011498
"370","Cote d'Ivoire","Africa",1997,47.991,14625967,1786.265407,-4.053,1853371
"371","Cote d'Ivoire","Africa",2002,46.832,16252726,1648.800823,-1.159,1626759
"372","Cote d'Ivoire","Africa",2007,48.328,18013409,1544.750112,1.496,1760683
"373","Croatia","Europe",1952,61.21,3882229,3119.23652,0,0
"374","Croatia","Europe",1957,64.77,3991242,4338.231617,3.56,109013
"375","Croatia","Europe",1962,67.13,4076557,5477.890018,2.36,85315
"376","Croatia","Europe",1967,68.5,4174366,6960.297861,1.37,97809
"377","Croatia","Europe",1972,69.61,4225310,9164.090127,1.11,50944
"378","Croatia","Europe",1977,70.64,4318673,11305.38517,1.03,93363
"379","Croatia","Europe",1982,70.46,4413368,13221.82184,-0.180000000000007,94695
"380","Croatia","Europe",1987,71.52,4484310,13822.58394,1.06,70942
"381","Croatia","Europe",1992,72.527,4494013,8447.794873,1.00700000000001,9703
"382","Croatia","Europe",1997,73.68,4444595,9875.604515,1.15300000000001,-49418
"383","Croatia","Europe",2002,74.876,4481020,11628.38895,1.196,36425
"384","Croatia","Europe",2007,75.748,4493312,14619.22272,0.872,12292
"385","Cuba","Americas",1952,59.421,6007797,5586.53878,0,0
"386","Cuba","Americas",1957,62.325,6640752,6092.174359,2.904,632955
"387","Cuba","Americas",1962,65.246,7254373,5180.75591,2.92099999999999,613621
"388","Cuba","Americas",1967,68.29,8139332,5690.268015,3.04400000000001,884959
"389","Cuba","Americas",1972,70.723,8831348,5305.445256,2.43299999999999,692016
"390","Cuba","Americas",1977,72.649,9537988,6380.494966,1.926,706640
"391","Cuba","Americas",1982,73.717,9789224,7316.918107,1.068,251236
"392","Cuba","Americas",1987,74.174,10239839,7532.924763,0.457000000000008,450615
"393","Cuba","Americas",1992,74.414,10723260,5592.843963,0.239999999999995,483421
"394","Cuba","Americas",1997,76.151,10983007,5431.990415,1.73699999999999,259747
"395","Cuba","Americas",2002,77.158,11226999,6340.646683,1.00700000000001,243992
"396","Cuba","Americas",2007,78.273,11416987,8948.102923,1.11499999999999,189988
"397","Czech Republic","Europe",1952,66.87,9125183,6876.14025,0,0
"398","Czech Republic","Europe",1957,69.03,9513758,8256.343918,2.16,388575
"399","Czech Republic","Europe",1962,69.9,9620282,10136.86713,0.870000000000005,106524
"400","Czech Republic","Europe",1967,70.38,9835109,11399.44489,0.47999999999999,214827
"401","Czech Republic","Europe",1972,70.29,9862158,13108.4536,-0.0899999999999892,27049
"402","Czech Republic","Europe",1977,70.71,10161915,14800.16062,0.419999999999987,299757
"403","Czech Republic","Europe",1982,70.96,10303704,15377.22855,0.25,141789
"404","Czech Republic","Europe",1987,71.58,10311597,16310.4434,0.620000000000005,7893
"405","Czech Republic","Europe",1992,72.4,10315702,14297.02122,0.820000000000007,4105
"406","Czech Republic","Europe",1997,74.01,10300707,16048.51424,1.61,-14995
"407","Czech Republic","Europe",2002,75.51,10256295,17596.21022,1.5,-44412
"408","Czech Republic","Europe",2007,76.486,10228744,22833.30851,0.975999999999999,-27551
"409","Denmark","Europe",1952,70.78,4334000,9692.385245,0,0
"410","Denmark","Europe",1957,71.81,4487831,11099.65935,1.03,153831
"411","Denmark","Europe",1962,72.35,4646899,13583.31351,0.539999999999992,159068
"412","Denmark","Europe",1967,72.96,4838800,15937.21123,0.609999999999999,191901
"413","Denmark","Europe",1972,73.47,4991596,18866.20721,0.510000000000005,152796
"414","Denmark","Europe",1977,74.69,5088419,20422.9015,1.22,96823
"415","Denmark","Europe",1982,74.63,5117810,21688.04048,-0.0600000000000023,29391
"416","Denmark","Europe",1987,74.8,5127024,25116.17581,0.170000000000002,9214
"417","Denmark","Europe",1992,75.33,5171393,26406.73985,0.530000000000001,44369
"418","Denmark","Europe",1997,76.11,5283663,29804.34567,0.780000000000001,112270
"419","Denmark","Europe",2002,77.18,5374693,32166.50006,1.07000000000001,91030
"420","Denmark","Europe",2007,78.332,5468120,35278.41874,1.15199999999999,93427
"421","Djibouti","Africa",1952,34.812,63149,2669.529475,0,0
"422","Djibouti","Africa",1957,37.328,71851,2864.969076,2.51600000000001,8702
"423","Djibouti","Africa",1962,39.693,89898,3020.989263,2.36499999999999,18047
"424","Djibouti","Africa",1967,42.074,127617,3020.050513,2.381,37719
"425","Djibouti","Africa",1972,44.366,178848,3694.212352,2.292,51231
"426","Djibouti","Africa",1977,46.519,228694,3081.761022,2.153,49846
"427","Djibouti","Africa",1982,48.812,305991,2879.468067,2.293,77297
"428","Djibouti","Africa",1987,50.04,311025,2880.102568,1.228,5034
"429","Djibouti","Africa",1992,51.604,384156,2377.156192,1.564,73131
"430","Djibouti","Africa",1997,53.157,417908,1895.016984,1.553,33752
"431","Djibouti","Africa",2002,53.373,447416,1908.260867,0.216000000000001,29508
"432","Djibouti","Africa",2007,54.791,496374,2082.481567,1.418,48958
"433","Dominican Republic","Americas",1952,45.928,2491346,1397.717137,0,0
"434","Dominican Republic","Americas",1957,49.828,2923186,1544.402995,3.90000000000001,431840
"435","Dominican Republic","Americas",1962,53.459,3453434,1662.137359,3.631,530248
"436","Dominican Republic","Americas",1967,56.751,4049146,1653.723003,3.29199999999999,595712
"437","Dominican Republic","Americas",1972,59.631,4671329,2189.874499,2.88,622183
"438","Dominican Republic","Americas",1977,61.788,5302800,2681.9889,2.157,631471
"439","Dominican Republic","Americas",1982,63.727,5968349,2861.092386,1.939,665549
"440","Dominican Republic","Americas",1987,66.046,6655297,2899.842175,2.31900000000001,686948
"441","Dominican Republic","Americas",1992,68.457,7351181,3044.214214,2.41099999999999,695884
"442","Dominican Republic","Americas",1997,69.957,7992357,3614.101285,1.5,641176
"443","Dominican Republic","Americas",2002,70.847,8650322,4563.808154,0.890000000000001,657965
"444","Dominican Republic","Americas",2007,72.235,9319622,6025.374752,1.38800000000001,669300
"445","Ecuador","Americas",1952,48.357,3548753,3522.110717,0,0
"446","Ecuador","Americas",1957,51.356,4058385,3780.546651,2.999,509632
"447","Ecuador","Americas",1962,54.64,4681707,4086.114078,3.284,623322
"448","Ecuador","Americas",1967,56.678,5432424,4579.074215,2.038,750717
"449","Ecuador","Americas",1972,58.796,6298651,5280.99471,2.118,866227
"450","Ecuador","Americas",1977,61.31,7278866,6679.62326,2.514,980215
"451","Ecuador","Americas",1982,64.342,8365850,7213.791267,3.032,1086984
"452","Ecuador","Americas",1987,67.231,9545158,6481.776993,2.889,1179308
"453","Ecuador","Americas",1992,69.613,10748394,7103.702595,2.38200000000001,1203236
"454","Ecuador","Americas",1997,72.312,11911819,7429.455877,2.699,1163425
"455","Ecuador","Americas",2002,74.173,12921234,5773.044512,1.861,1009415
"456","Ecuador","Americas",2007,74.994,13755680,6873.262326,0.820999999999998,834446
"457","Egypt","Africa",1952,41.893,22223309,1418.822445,0,0
"458","Egypt","Africa",1957,44.444,25009741,1458.915272,2.551,2786432
"459","Egypt","Africa",1962,46.992,28173309,1693.335853,2.54799999999999,3163568
"460","Egypt","Africa",1967,49.293,31681188,1814.880728,2.301,3507879
"461","Egypt","Africa",1972,51.137,34807417,2024.008147,1.844,3126229
"462","Egypt","Africa",1977,53.319,38783863,2785.493582,2.182,3976446
"463","Egypt","Africa",1982,56.006,45681811,3503.729636,2.687,6897948
"464","Egypt","Africa",1987,59.797,52799062,3885.46071,3.791,7117251
"465","Egypt","Africa",1992,63.674,59402198,3794.755195,3.877,6603136
"466","Egypt","Africa",1997,67.217,66134291,4173.181797,3.543,6732093
"467","Egypt","Africa",2002,69.806,73312559,4754.604414,2.589,7178268
"468","Egypt","Africa",2007,71.338,80264543,5581.180998,1.532,6951984
"469","El Salvador","Americas",1952,45.262,2042865,3048.3029,0,0
"470","El Salvador","Americas",1957,48.57,2355805,3421.523218,3.308,312940
"471","El Salvador","Americas",1962,52.307,2747687,3776.803627,3.737,391882
"472","El Salvador","Americas",1967,55.855,3232927,4358.595393,3.54799999999999,485240
"473","El Salvador","Americas",1972,58.207,3790903,4520.246008,2.352,557976
"474","El Salvador","Americas",1977,56.696,4282586,5138.922374,-1.511,491683
"475","El Salvador","Americas",1982,56.604,4474873,4098.344175,-0.0919999999999987,192287
"476","El Salvador","Americas",1987,63.154,4842194,4140.442097,6.55,367321
"477","El Salvador","Americas",1992,66.798,5274649,4444.2317,3.644,432455
"478","El Salvador","Americas",1997,69.535,5783439,5154.825496,2.73699999999999,508790
"479","El Salvador","Americas",2002,70.734,6353681,5351.568666,1.199,570242
"480","El Salvador","Americas",2007,71.878,6939688,5728.353514,1.14400000000001,586007
"481","Equatorial Guinea","Africa",1952,34.482,216964,375.6431231,0,0
"482","Equatorial Guinea","Africa",1957,35.983,232922,426.0964081,1.501,15958
"483","Equatorial Guinea","Africa",1962,37.485,249220,582.8419714,1.502,16298
"484","Equatorial Guinea","Africa",1967,38.987,259864,915.5960025,1.502,10644
"485","Equatorial Guinea","Africa",1972,40.516,277603,672.4122571,1.529,17739
"486","Equatorial Guinea","Africa",1977,42.024,192675,958.5668124,1.508,-84928
"487","Equatorial Guinea","Africa",1982,43.662,285483,927.8253427,1.638,92808
"488","Equatorial Guinea","Africa",1987,45.664,341244,966.8968149,2.002,55761
"489","Equatorial Guinea","Africa",1992,47.545,387838,1132.055034,1.881,46594
"490","Equatorial Guinea","Africa",1997,48.245,439971,2814.480755,0.699999999999996,52133
"491","Equatorial Guinea","Africa",2002,49.348,495627,7703.4959,1.103,55656
"492","Equatorial Guinea","Africa",2007,51.579,551201,12154.08975,2.231,55574
"493","Eritrea","Africa",1952,35.928,1438760,328.9405571,0,0
"494","Eritrea","Africa",1957,38.047,1542611,344.1618859,2.119,103851
"495","Eritrea","Africa",1962,40.158,1666618,380.9958433,2.111,124007
"496","Eritrea","Africa",1967,42.189,1820319,468.7949699,2.031,153701
"497","Eritrea","Africa",1972,44.142,2260187,514.3242082,1.953,439868
"498","Eritrea","Africa",1977,44.535,2512642,505.7538077,0.392999999999994,252455
"499","Eritrea","Africa",1982,43.89,2637297,524.8758493,-0.644999999999996,124655
"500","Eritrea","Africa",1987,46.453,2915959,521.1341333,2.563,278662
"501","Eritrea","Africa",1992,49.991,3668440,582.8585102,3.538,752481
"502","Eritrea","Africa",1997,53.378,4058319,913.47079,3.387,389879
"503","Eritrea","Africa",2002,55.24,4414865,765.3500015,1.862,356546
"504","Eritrea","Africa",2007,58.04,4906585,641.3695236,2.8,491720
"505","Ethiopia","Africa",1952,34.078,20860941,362.1462796,0,0
"506","Ethiopia","Africa",1957,36.667,22815614,378.9041632,2.589,1954673
"507","Ethiopia","Africa",1962,40.059,25145372,419.4564161,3.392,2329758
"508","Ethiopia","Africa",1967,42.115,27860297,516.1186438,2.056,2714925
"509","Ethiopia","Africa",1972,43.515,30770372,566.2439442,1.4,2910075
"510","Ethiopia","Africa",1977,44.51,34617799,556.8083834,0.994999999999997,3847427
"511","Ethiopia","Africa",1982,44.916,38111756,577.8607471,0.405999999999999,3493957
"512","Ethiopia","Africa",1987,46.684,42999530,573.7413142,1.768,4887774
"513","Ethiopia","Africa",1992,48.091,52088559,421.3534653,1.407,9089029
"514","Ethiopia","Africa",1997,49.402,59861301,515.8894013,1.311,7772742
"515","Ethiopia","Africa",2002,50.725,67946797,530.0535319,1.323,8085496
"516","Ethiopia","Africa",2007,52.947,76511887,690.8055759,2.222,8565090
"517","Finland","Europe",1952,66.55,4090500,6424.519071,0,0
"518","Finland","Europe",1957,67.49,4324000,7545.415386,0.939999999999998,233500
"519","Finland","Europe",1962,68.75,4491443,9371.842561,1.26000000000001,167443
"520","Finland","Europe",1967,69.83,4605744,10921.63626,1.08,114301
"521","Finland","Europe",1972,70.87,4639657,14358.8759,1.04000000000001,33913
"522","Finland","Europe",1977,72.52,4738902,15605.42283,1.64999999999999,99245
"523","Finland","Europe",1982,74.55,4826933,18533.15761,2.03,88031
"524","Finland","Europe",1987,74.83,4931729,21141.01223,0.280000000000001,104796
"525","Finland","Europe",1992,75.7,5041039,20647.16499,0.870000000000005,109310
"526","Finland","Europe",1997,77.13,5134406,23723.9502,1.42999999999999,93367
"527","Finland","Europe",2002,78.37,5193039,28204.59057,1.24000000000001,58633
"528","Finland","Europe",2007,79.313,5238460,33207.0844,0.942999999999998,45421
"529","France","Europe",1952,67.41,42459667,7029.809327,0,0
"530","France","Europe",1957,68.93,44310863,8662.834898,1.52000000000001,1851196
"531","France","Europe",1962,70.51,47124000,10560.48553,1.58,2813137
"532","France","Europe",1967,71.55,49569000,12999.91766,1.03999999999999,2445000
"533","France","Europe",1972,72.38,51732000,16107.19171,0.829999999999998,2163000
"534","France","Europe",1977,73.83,53165019,18292.63514,1.45,1433019
"535","France","Europe",1982,74.89,54433565,20293.89746,1.06,1268546
"536","France","Europe",1987,76.34,55630100,22066.44214,1.45,1196535
"537","France","Europe",1992,77.46,57374179,24703.79615,1.11999999999999,1744079
"538","France","Europe",1997,78.64,58623428,25889.78487,1.18000000000001,1249249
"539","France","Europe",2002,79.59,59925035,28926.03234,0.950000000000003,1301607
"540","France","Europe",2007,80.657,61083916,30470.0167,1.06699999999999,1158881
"541","Gabon","Africa",1952,37.003,420702,4293.476475,0,0
"542","Gabon","Africa",1957,38.999,434904,4976.198099,1.996,14202
"543","Gabon","Africa",1962,40.489,455661,6631.459222,1.48999999999999,20757
"544","Gabon","Africa",1967,44.598,489004,8358.761987,4.109,33343
"545","Gabon","Africa",1972,48.69,537977,11401.94841,4.092,48973
"546","Gabon","Africa",1977,52.79,706367,21745.57328,4.1,168390
"547","Gabon","Africa",1982,56.564,753874,15113.36194,3.774,47507
"548","Gabon","Africa",1987,60.19,880397,11864.40844,3.626,126523
"549","Gabon","Africa",1992,61.366,985739,13522.15752,1.176,105342
"550","Gabon","Africa",1997,60.461,1126189,14722.84188,-0.905000000000001,140450
"551","Gabon","Africa",2002,56.761,1299304,12521.71392,-3.7,173115
"552","Gabon","Africa",2007,56.735,1454867,13206.48452,-0.0260000000000034,155563
"553","Gambia","Africa",1952,30,284320,485.2306591,0,0
"554","Gambia","Africa",1957,32.065,323150,520.9267111,2.065,38830
"555","Gambia","Africa",1962,33.896,374020,599.650276,1.831,50870
"556","Gambia","Africa",1967,35.857,439593,734.7829124,1.961,65573
"557","Gambia","Africa",1972,38.308,517101,756.0868363,2.451,77508
"558","Gambia","Africa",1977,41.842,608274,884.7552507,3.534,91173
"559","Gambia","Africa",1982,45.58,715523,835.8096108,3.738,107249
"560","Gambia","Africa",1987,49.265,848406,611.6588611,3.685,132883
"561","Gambia","Africa",1992,52.644,1025384,665.6244126,3.379,176978
"562","Gambia","Africa",1997,55.861,1235767,653.7301704,3.217,210383
"563","Gambia","Africa",2002,58.041,1457766,660.5855997,2.18,221999
"564","Gambia","Africa",2007,59.448,1688359,752.7497265,1.407,230593
"565","Germany","Europe",1952,67.5,69145952,7144.114393,0,0
"566","Germany","Europe",1957,69.1,71019069,10187.82665,1.59999999999999,1873117
"567","Germany","Europe",1962,70.3,73739117,12902.46291,1.2,2720048
"568","Germany","Europe",1967,70.8,76368453,14745.62561,0.5,2629336
"569","Germany","Europe",1972,71,78717088,18016.18027,0.200000000000003,2348635
"570","Germany","Europe",1977,72.5,78160773,20512.92123,1.5,-556315
"571","Germany","Europe",1982,73.8,78335266,22031.53274,1.3,174493
"572","Germany","Europe",1987,74.847,77718298,24639.18566,1.047,-616968
"573","Germany","Europe",1992,76.07,80597764,26505.30317,1.223,2879466
"574","Germany","Europe",1997,77.34,82011073,27788.88416,1.27000000000001,1413309
"575","Germany","Europe",2002,78.67,82350671,30035.80198,1.33,339598
"576","Germany","Europe",2007,79.406,82400996,32170.37442,0.736000000000004,50325
"577","Ghana","Africa",1952,43.149,5581001,911.2989371,0,0
"578","Ghana","Africa",1957,44.779,6391288,1043.561537,1.63,810287
"579","Ghana","Africa",1962,46.452,7355248,1190.041118,1.67299999999999,963960
"580","Ghana","Africa",1967,48.072,8490213,1125.69716,1.62,1134965
"581","Ghana","Africa",1972,49.875,9354120,1178.223708,1.803,863907
"582","Ghana","Africa",1977,51.756,10538093,993.2239571,1.881,1183973
"583","Ghana","Africa",1982,53.744,11400338,876.032569,1.988,862245
"584","Ghana","Africa",1987,55.729,14168101,847.0061135,1.985,2767763
"585","Ghana","Africa",1992,57.501,16278738,925.060154,1.772,2110637
"586","Ghana","Africa",1997,58.556,18418288,1005.245812,1.055,2139550
"587","Ghana","Africa",2002,58.453,20550751,1111.984578,-0.102999999999994,2132463
"588","Ghana","Africa",2007,60.022,22873338,1327.60891,1.569,2322587
"589","Greece","Europe",1952,65.86,7733250,3530.690067,0,0
"590","Greece","Europe",1957,67.86,8096218,4916.299889,2,362968
"591","Greece","Europe",1962,69.51,8448233,6017.190733,1.65000000000001,352015
"592","Greece","Europe",1967,71,8716441,8513.097016,1.48999999999999,268208
"593","Greece","Europe",1972,72.34,8888628,12724.82957,1.34,172187
"594","Greece","Europe",1977,73.68,9308479,14195.52428,1.34,419851
"595","Greece","Europe",1982,75.24,9786480,15268.42089,1.55999999999999,478001
"596","Greece","Europe",1987,76.67,9974490,16120.52839,1.43000000000001,188010
"597","Greece","Europe",1992,77.03,10325429,17541.49634,0.359999999999999,350939
"598","Greece","Europe",1997,77.869,10502372,18747.69814,0.838999999999999,176943
"599","Greece","Europe",2002,78.256,10603863,22514.2548,0.387,101491
"600","Greece","Europe",2007,79.483,10706290,27538.41188,1.227,102427
"601","Guatemala","Americas",1952,42.023,3146381,2428.237769,0,0
"602","Guatemala","Americas",1957,44.142,3640876,2617.155967,2.119,494495
"603","Guatemala","Americas",1962,46.954,4208858,2750.364446,2.812,567982
"604","Guatemala","Americas",1967,50.016,4690773,3242.531147,3.062,481915
"605","Guatemala","Americas",1972,53.738,5149581,4031.408271,3.722,458808
"606","Guatemala","Americas",1977,56.029,5703430,4879.992748,2.291,553849
"607","Guatemala","Americas",1982,58.137,6395630,4820.49479,2.108,692200
"608","Guatemala","Americas",1987,60.782,7326406,4246.485974,2.645,930776
"609","Guatemala","Americas",1992,63.373,8486949,4439.45084,2.591,1160543
"610","Guatemala","Americas",1997,66.322,9803875,4684.313807,2.94900000000001,1316926
"611","Guatemala","Americas",2002,68.978,11178650,4858.347495,2.65599999999999,1374775
"612","Guatemala","Americas",2007,70.259,12572928,5186.050003,1.28100000000001,1394278
"613","Guinea","Africa",1952,33.609,2664249,510.1964923,0,0
"614","Guinea","Africa",1957,34.558,2876726,576.2670245,0.948999999999998,212477
"615","Guinea","Africa",1962,35.753,3140003,686.3736739,1.195,263277
"616","Guinea","Africa",1967,37.197,3451418,708.7595409,1.444,311415
"617","Guinea","Africa",1972,38.842,3811387,741.6662307,1.645,359969
"618","Guinea","Africa",1977,40.762,4227026,874.6858643,1.92,415639
"619","Guinea","Africa",1982,42.891,4710497,857.2503577,2.129,483471
"620","Guinea","Africa",1987,45.552,5650262,805.5724718,2.661,939765
"621","Guinea","Africa",1992,48.576,6990574,794.3484384,3.024,1340312
"622","Guinea","Africa",1997,51.455,8048834,869.4497668,2.879,1058260
"623","Guinea","Africa",2002,53.676,8807818,945.5835837,2.221,758984
"624","Guinea","Africa",2007,56.007,9947814,942.6542111,2.331,1139996
"625","Guinea-Bissau","Africa",1952,32.5,580653,299.850319,0,0
"626","Guinea-Bissau","Africa",1957,33.489,601095,431.7904566,0.988999999999997,20442
"627","Guinea-Bissau","Africa",1962,34.488,627820,522.0343725,0.999000000000002,26725
"628","Guinea-Bissau","Africa",1967,35.492,601287,715.5806402,1.004,-26533
"629","Guinea-Bissau","Africa",1972,36.486,625361,820.2245876,0.994,24074
"630","Guinea-Bissau","Africa",1977,37.465,745228,764.7259628,0.979000000000006,119867
"631","Guinea-Bissau","Africa",1982,39.327,825987,838.1239671,1.86199999999999,80759
"632","Guinea-Bissau","Africa",1987,41.245,927524,736.4153921,1.918,101537
"633","Guinea-Bissau","Africa",1992,43.266,1050938,745.5398706,2.021,123414
"634","Guinea-Bissau","Africa",1997,44.873,1193708,796.6644681,1.607,142770
"635","Guinea-Bissau","Africa",2002,45.504,1332459,575.7047176,0.631,138751
"636","Guinea-Bissau","Africa",2007,46.388,1472041,579.231743,0.884,139582
"637","Haiti","Americas",1952,37.579,3201488,1840.366939,0,0
"638","Haiti","Americas",1957,40.696,3507701,1726.887882,3.117,306213
"639","Haiti","Americas",1962,43.59,3880130,1796.589032,2.89400000000001,372429
"640","Haiti","Americas",1967,46.243,4318137,1452.057666,2.653,438007
"641","Haiti","Americas",1972,48.042,4698301,1654.456946,1.799,380164
"642","Haiti","Americas",1977,49.923,4908554,1874.298931,1.881,210253
"643","Haiti","Americas",1982,51.461,5198399,2011.159549,1.538,289845
"644","Haiti","Americas",1987,53.636,5756203,1823.015995,2.175,557804
"645","Haiti","Americas",1992,55.089,6326682,1456.309517,1.453,570479
"646","Haiti","Americas",1997,56.671,6913545,1341.726931,1.582,586863
"647","Haiti","Americas",2002,58.137,7607651,1270.364932,1.466,694106
"648","Haiti","Americas",2007,60.916,8502814,1201.637154,2.779,895163
"649","Honduras","Americas",1952,41.912,1517453,2194.926204,0,0
"650","Honduras","Americas",1957,44.665,1770390,2220.487682,2.753,252937
"651","Honduras","Americas",1962,48.041,2090162,2291.156835,3.376,319772
"652","Honduras","Americas",1967,50.924,2500689,2538.269358,2.883,410527
"653","Honduras","Americas",1972,53.884,2965146,2529.842345,2.96,464457
"654","Honduras","Americas",1977,57.402,3055235,3203.208066,3.518,90089
"655","Honduras","Americas",1982,60.909,3669448,3121.760794,3.507,614213
"656","Honduras","Americas",1987,64.492,4372203,3023.096699,3.58300000000001,702755
"657","Honduras","Americas",1992,66.399,5077347,3081.694603,1.907,705144
"658","Honduras","Americas",1997,67.659,5867957,3160.454906,1.26000000000001,790610
"659","Honduras","Americas",2002,68.565,6677328,3099.72866,0.905999999999992,809371
"660","Honduras","Americas",2007,70.198,7483763,3548.330846,1.633,806435
"661","Hong Kong, China","Asia",1952,60.96,2125900,3054.421209,0,0
"662","Hong Kong, China","Asia",1957,64.75,2736300,3629.076457,3.79,610400
"663","Hong Kong, China","Asia",1962,67.65,3305200,4692.648272,2.90000000000001,568900
"664","Hong Kong, China","Asia",1967,70,3722800,6197.962814,2.34999999999999,417600
"665","Hong Kong, China","Asia",1972,72,4115700,8315.928145,2,392900
"666","Hong Kong, China","Asia",1977,73.6,4583700,11186.14125,1.59999999999999,468000
"667","Hong Kong, China","Asia",1982,75.45,5264500,14560.53051,1.85000000000001,680800
"668","Hong Kong, China","Asia",1987,76.2,5584510,20038.47269,0.75,320010
"669","Hong Kong, China","Asia",1992,77.601,5829696,24757.60301,1.401,245186
"670","Hong Kong, China","Asia",1997,80,6495918,28377.63219,2.399,666222
"671","Hong Kong, China","Asia",2002,81.495,6762476,30209.01516,1.495,266558
"672","Hong Kong, China","Asia",2007,82.208,6980412,39724.97867,0.712999999999994,217936
"673","Hungary","Europe",1952,64.03,9504000,5263.673816,0,0
"674","Hungary","Europe",1957,66.41,9839000,6040.180011,2.38,335000
"675","Hungary","Europe",1962,67.96,10063000,7550.359877,1.55,224000
"676","Hungary","Europe",1967,69.5,10223422,9326.64467,1.54000000000001,160422
"677","Hungary","Europe",1972,69.76,10394091,10168.65611,0.260000000000005,170669
"678","Hungary","Europe",1977,69.95,10637171,11674.83737,0.189999999999998,243080
"679","Hungary","Europe",1982,69.39,10705535,12545.99066,-0.560000000000002,68364
"680","Hungary","Europe",1987,69.58,10612740,12986.47998,0.189999999999998,-92795
"681","Hungary","Europe",1992,69.17,10348684,10535.62855,-0.409999999999997,-264056
"682","Hungary","Europe",1997,71.04,10244684,11712.7768,1.87,-104000
"683","Hungary","Europe",2002,72.59,10083313,14843.93556,1.55,-161371
"684","Hungary","Europe",2007,73.338,9956108,18008.94444,0.74799999999999,-127205
"685","Iceland","Europe",1952,72.49,147962,7267.688428,0,0
"686","Iceland","Europe",1957,73.47,165110,9244.001412,0.980000000000004,17148
"687","Iceland","Europe",1962,73.68,182053,10350.15906,0.210000000000008,16943
"688","Iceland","Europe",1967,73.73,198676,13319.89568,0.0499999999999972,16623
"689","Iceland","Europe",1972,74.46,209275,15798.06362,0.72999999999999,10599
"690","Iceland","Europe",1977,76.11,221823,19654.96247,1.65000000000001,12548
"691","Iceland","Europe",1982,76.99,233997,23269.6075,0.879999999999995,12174
"692","Iceland","Europe",1987,77.23,244676,26923.20628,0.240000000000009,10679
"693","Iceland","Europe",1992,78.77,259012,25144.39201,1.53999999999999,14336
"694","Iceland","Europe",1997,78.95,271192,28061.09966,0.180000000000007,12180
"695","Iceland","Europe",2002,80.5,288030,31163.20196,1.55,16838
"696","Iceland","Europe",2007,81.757,301931,36180.78919,1.25700000000001,13901
"697","India","Asia",1952,37.373,372000000,546.5657493,0,0
"698","India","Asia",1957,40.249,409000000,590.061996,2.876,37000000
"699","India","Asia",1962,43.605,454000000,658.3471509,3.35599999999999,45000000
"700","India","Asia",1967,47.193,506000000,700.7706107,3.588,52000000
"701","India","Asia",1972,50.651,567000000,724.032527,3.45800000000001,61000000
"702","India","Asia",1977,54.208,634000000,813.337323,3.557,67000000
"703","India","Asia",1982,56.596,708000000,855.7235377,2.388,74000000
"704","India","Asia",1987,58.553,788000000,976.5126756,1.957,80000000
"705","India","Asia",1992,60.223,872000000,1164.406809,1.67,84000000
"706","India","Asia",1997,61.765,959000000,1458.817442,1.542,87000000
"707","India","Asia",2002,62.879,1034172547,1746.769454,1.114,75172547
"708","India","Asia",2007,64.698,1110396331,2452.210407,1.819,76223784
"709","Indonesia","Asia",1952,37.468,82052000,749.6816546,0,0
"710","Indonesia","Asia",1957,39.918,90124000,858.9002707,2.45,8072000
"711","Indonesia","Asia",1962,42.518,99028000,849.2897701,2.6,8904000
"712","Indonesia","Asia",1967,45.964,109343000,762.4317721,3.446,10315000
"713","Indonesia","Asia",1972,49.203,121282000,1111.107907,3.239,11939000
"714","Indonesia","Asia",1977,52.702,136725000,1382.702056,3.499,15443000
"715","Indonesia","Asia",1982,56.159,153343000,1516.872988,3.457,16618000
"716","Indonesia","Asia",1987,60.137,169276000,1748.356961,3.978,15933000
"717","Indonesia","Asia",1992,62.681,184816000,2383.140898,2.544,15540000
"718","Indonesia","Asia",1997,66.041,199278000,3119.335603,3.36,14462000
"719","Indonesia","Asia",2002,68.588,211060000,2873.91287,2.547,11782000
"720","Indonesia","Asia",2007,70.65,223547000,3540.651564,2.06200000000001,12487000
"721","Iran","Asia",1952,44.869,17272000,3035.326002,0,0
"722","Iran","Asia",1957,47.181,19792000,3290.257643,2.312,2520000
"723","Iran","Asia",1962,49.325,22874000,4187.329802,2.14400000000001,3082000
"724","Iran","Asia",1967,52.469,26538000,5906.731805,3.144,3664000
"725","Iran","Asia",1972,55.234,30614000,9613.818607,2.765,4076000
"726","Iran","Asia",1977,57.702,35480679,11888.59508,2.468,4866679
"727","Iran","Asia",1982,59.62,43072751,7608.334602,1.918,7592072
"728","Iran","Asia",1987,63.04,51889696,6642.881371,3.42,8816945
"729","Iran","Asia",1992,65.742,60397973,7235.653188,2.70200000000001,8508277
"730","Iran","Asia",1997,68.042,63327987,8263.590301,2.3,2930014
"731","Iran","Asia",2002,69.451,66907826,9240.761975,1.40899999999999,3579839
"732","Iran","Asia",2007,70.964,69453570,11605.71449,1.51300000000001,2545744
"733","Iraq","Asia",1952,45.32,5441766,4129.766056,0,0
"734","Iraq","Asia",1957,48.437,6248643,6229.333562,3.117,806877
"735","Iraq","Asia",1962,51.457,7240260,8341.737815,3.02,991617
"736","Iraq","Asia",1967,54.459,8519282,8931.459811,3.002,1279022
"737","Iraq","Asia",1972,56.95,10061506,9576.037596,2.491,1542224
"738","Iraq","Asia",1977,60.413,11882916,14688.23507,3.46299999999999,1821410
"739","Iraq","Asia",1982,62.038,14173318,14517.90711,1.625,2290402
"740","Iraq","Asia",1987,65.044,16543189,11643.57268,3.006,2369871
"741","Iraq","Asia",1992,59.461,17861905,3745.640687,-5.583,1318716
"742","Iraq","Asia",1997,58.811,20775703,3076.239795,-0.649999999999999,2913798
"743","Iraq","Asia",2002,57.046,24001816,4390.717312,-1.765,3226113
"744","Iraq","Asia",2007,59.545,27499638,4471.061906,2.499,3497822
"745","Ireland","Europe",1952,66.91,2952156,5210.280328,0,0
"746","Ireland","Europe",1957,68.9,2878220,5599.077872,1.99000000000001,-73936
"747","Ireland","Europe",1962,70.29,2830000,6631.597314,1.39,-48220
"748","Ireland","Europe",1967,71.08,2900100,7655.568963,0.789999999999992,70100
"749","Ireland","Europe",1972,71.28,3024400,9530.772896,0.200000000000003,124300
"750","Ireland","Europe",1977,72.03,3271900,11150.98113,0.75,247500
"751","Ireland","Europe",1982,73.1,3480000,12618.32141,1.06999999999999,208100
"752","Ireland","Europe",1987,74.36,3539900,13872.86652,1.26000000000001,59900
"753","Ireland","Europe",1992,75.467,3557761,17558.81555,1.107,17861
"754","Ireland","Europe",1997,76.122,3667233,24521.94713,0.655000000000001,109472
"755","Ireland","Europe",2002,77.783,3879155,34077.04939,1.661,211922
"756","Ireland","Europe",2007,78.885,4109086,40675.99635,1.102,229931
"757","Israel","Asia",1952,65.39,1620914,4086.522128,0,0
"758","Israel","Asia",1957,67.84,1944401,5385.278451,2.45,323487
"759","Israel","Asia",1962,69.39,2310904,7105.630706,1.55,366503
"760","Israel","Asia",1967,70.75,2693585,8393.741404,1.36,382681
"761","Israel","Asia",1972,71.63,3095893,12786.93223,0.879999999999995,402308
"762","Israel","Asia",1977,73.06,3495918,13306.61921,1.43000000000001,400025
"763","Israel","Asia",1982,74.45,3858421,15367.0292,1.39,362503
"764","Israel","Asia",1987,75.6,4203148,17122.47986,1.14999999999999,344727
"765","Israel","Asia",1992,76.93,4936550,18051.52254,1.33000000000001,733402
"766","Israel","Asia",1997,78.269,5531387,20896.60924,1.339,594837
"767","Israel","Asia",2002,79.696,6029529,21905.59514,1.42699999999999,498142
"768","Israel","Asia",2007,80.745,6426679,25523.2771,1.04900000000001,397150
"769","Italy","Europe",1952,65.94,47666000,4931.404155,0,0
"770","Italy","Europe",1957,67.81,49182000,6248.656232,1.87,1516000
"771","Italy","Europe",1962,69.24,50843200,8243.58234,1.42999999999999,1661200
"772","Italy","Europe",1967,71.06,52667100,10022.40131,1.82000000000001,1823900
"773","Italy","Europe",1972,72.19,54365564,12269.27378,1.13,1698464
"774","Italy","Europe",1977,73.48,56059245,14255.98475,1.29000000000001,1693681
"775","Italy","Europe",1982,74.98,56535636,16537.4835,1.5,476391
"776","Italy","Europe",1987,76.42,56729703,19207.23482,1.44,194067
"777","Italy","Europe",1992,77.44,56840847,22013.64486,1.02,111144
"778","Italy","Europe",1997,78.82,57479469,24675.02446,1.38,638622
"779","Italy","Europe",2002,80.24,57926999,27968.09817,1.42,447530
"780","Italy","Europe",2007,80.546,58147733,28569.7197,0.306000000000012,220734
"781","Jamaica","Americas",1952,58.53,1426095,2898.530881,0,0
"782","Jamaica","Americas",1957,62.61,1535090,4756.525781,4.08,108995
"783","Jamaica","Americas",1962,65.61,1665128,5246.107524,3,130038
"784","Jamaica","Americas",1967,67.51,1861096,6124.703451,1.90000000000001,195968
"785","Jamaica","Americas",1972,69,1997616,7433.889293,1.48999999999999,136520
"786","Jamaica","Americas",1977,70.11,2156814,6650.195573,1.11,159198
"787","Jamaica","Americas",1982,71.21,2298309,6068.05135,1.09999999999999,141495
"788","Jamaica","Americas",1987,71.77,2326606,6351.237495,0.560000000000002,28297
"789","Jamaica","Americas",1992,71.766,2378618,7404.923685,-0.00399999999999068,52012
"790","Jamaica","Americas",1997,72.262,2531311,7121.924704,0.495999999999995,152693
"791","Jamaica","Americas",2002,72.047,2664659,6994.774861,-0.215000000000003,133348
"792","Jamaica","Americas",2007,72.567,2780132,7320.880262,0.519999999999996,115473
"793","Japan","Asia",1952,63.03,86459025,3216.956347,0,0
"794","Japan","Asia",1957,65.5,91563009,4317.694365,2.47,5103984
"795","Japan","Asia",1962,68.73,95831757,6576.649461,3.23,4268748
"796","Japan","Asia",1967,71.43,100825279,9847.788607,2.7,4993522
"797","Japan","Asia",1972,73.42,107188273,14778.78636,1.98999999999999,6362994
"798","Japan","Asia",1977,75.38,113872473,16610.37701,1.95999999999999,6684200
"799","Japan","Asia",1982,77.11,118454974,19384.10571,1.73,4582501
"800","Japan","Asia",1987,78.67,122091325,22375.94189,1.56,3636351
"801","Japan","Asia",1992,79.36,124329269,26824.89511,0.689999999999998,2237944
"802","Japan","Asia",1997,80.69,125956499,28816.58499,1.33,1627230
"803","Japan","Asia",2002,82,127065841,28604.5919,1.31,1109342
"804","Japan","Asia",2007,82.603,127467972,31656.06806,0.602999999999994,402131
"805","Jordan","Asia",1952,43.158,607914,1546.907807,0,0
"806","Jordan","Asia",1957,45.669,746559,1886.080591,2.511,138645
"807","Jordan","Asia",1962,48.126,933559,2348.009158,2.457,187000
"808","Jordan","Asia",1967,51.629,1255058,2741.796252,3.503,321499
"809","Jordan","Asia",1972,56.528,1613551,2110.856309,4.899,358493
"810","Jordan","Asia",1977,61.134,1937652,2852.351568,4.606,324101
"811","Jordan","Asia",1982,63.739,2347031,4161.415959,2.605,409379
"812","Jordan","Asia",1987,65.869,2820042,4448.679912,2.13,473011
"813","Jordan","Asia",1992,68.015,3867409,3431.593647,2.146,1047367
"814","Jordan","Asia",1997,69.772,4526235,3645.379572,1.75700000000001,658826
"815","Jordan","Asia",2002,71.263,5307470,3844.917194,1.491,781235
"816","Jordan","Asia",2007,72.535,6053193,4519.461171,1.27199999999999,745723
"817","Kenya","Africa",1952,42.27,6464046,853.540919,0,0
"818","Kenya","Africa",1957,44.686,7454779,944.4383152,2.416,990733
"819","Kenya","Africa",1962,47.949,8678557,896.9663732,3.263,1223778
"820","Kenya","Africa",1967,50.654,10191512,1056.736457,2.70500000000001,1512955
"821","Kenya","Africa",1972,53.559,12044785,1222.359968,2.90499999999999,1853273
"822","Kenya","Africa",1977,56.155,14500404,1267.613204,2.596,2455619
"823","Kenya","Africa",1982,58.766,17661452,1348.225791,2.611,3161048
"824","Kenya","Africa",1987,59.339,21198082,1361.936856,0.573,3536630
"825","Kenya","Africa",1992,59.285,25020539,1341.921721,-0.054000000000002,3822457
"826","Kenya","Africa",1997,54.407,28263827,1360.485021,-4.878,3243288
"827","Kenya","Africa",2002,50.992,31386842,1287.514732,-3.415,3123015
"828","Kenya","Africa",2007,54.11,35610177,1463.249282,3.118,4223335
"829","Korea, Dem. Rep.","Asia",1952,50.056,8865488,1088.277758,0,0
"830","Korea, Dem. Rep.","Asia",1957,54.081,9411381,1571.134655,4.02500000000001,545893
"831","Korea, Dem. Rep.","Asia",1962,56.656,10917494,1621.693598,2.575,1506113
"832","Korea, Dem. Rep.","Asia",1967,59.942,12617009,2143.540609,3.286,1699515
"833","Korea, Dem. Rep.","Asia",1972,63.983,14781241,3701.621503,4.041,2164232
"834","Korea, Dem. Rep.","Asia",1977,67.159,16325320,4106.301249,3.17600000000001,1544079
"835","Korea, Dem. Rep.","Asia",1982,69.1,17647518,4106.525293,1.94099999999999,1322198
"836","Korea, Dem. Rep.","Asia",1987,70.647,19067554,4106.492315,1.54700000000001,1420036
"837","Korea, Dem. Rep.","Asia",1992,69.978,20711375,3726.063507,-0.669000000000011,1643821
"838","Korea, Dem. Rep.","Asia",1997,67.727,21585105,1690.756814,-2.25099999999999,873730
"839","Korea, Dem. Rep.","Asia",2002,66.662,22215365,1646.758151,-1.065,630260
"840","Korea, Dem. Rep.","Asia",2007,67.297,23301725,1593.06548,0.634999999999991,1086360
"841","Korea, Rep.","Asia",1952,47.453,20947571,1030.592226,0,0
"842","Korea, Rep.","Asia",1957,52.681,22611552,1487.593537,5.22799999999999,1663981
"843","Korea, Rep.","Asia",1962,55.292,26420307,1536.344387,2.611,3808755
"844","Korea, Rep.","Asia",1967,57.716,30131000,2029.228142,2.424,3710693
"845","Korea, Rep.","Asia",1972,62.612,33505000,3030.87665,4.896,3374000
"846","Korea, Rep.","Asia",1977,64.766,36436000,4657.22102,2.154,2931000
"847","Korea, Rep.","Asia",1982,67.123,39326000,5622.942464,2.357,2890000
"848","Korea, Rep.","Asia",1987,69.81,41622000,8533.088805,2.687,2296000
"849","Korea, Rep.","Asia",1992,72.244,43805450,12104.27872,2.434,2183450
"850","Korea, Rep.","Asia",1997,74.647,46173816,15993.52796,2.40300000000001,2368366
"851","Korea, Rep.","Asia",2002,77.045,47969150,19233.98818,2.398,1795334
"852","Korea, Rep.","Asia",2007,78.623,49044790,23348.13973,1.578,1075640
"853","Kuwait","Asia",1952,55.565,160000,108382.3529,0,0
"854","Kuwait","Asia",1957,58.033,212846,113523.1329,2.468,52846
"855","Kuwait","Asia",1962,60.47,358266,95458.11176,2.437,145420
"856","Kuwait","Asia",1967,64.624,575003,80894.88326,4.154,216737
"857","Kuwait","Asia",1972,67.712,841934,109347.867,3.08800000000001,266931
"858","Kuwait","Asia",1977,69.343,1140357,59265.47714,1.631,298423
"859","Kuwait","Asia",1982,71.309,1497494,31354.03573,1.96599999999999,357137
"860","Kuwait","Asia",1987,74.174,1891487,28118.42998,2.86500000000001,393993
"861","Kuwait","Asia",1992,75.19,1418095,34932.91959,1.01599999999999,-473392
"862","Kuwait","Asia",1997,76.156,1765345,40300.61996,0.966000000000008,347250
"863","Kuwait","Asia",2002,76.904,2111561,35110.10566,0.74799999999999,346216
"864","Kuwait","Asia",2007,77.588,2505559,47306.98978,0.683999999999997,393998
"865","Lebanon","Asia",1952,55.928,1439529,4834.804067,0,0
"866","Lebanon","Asia",1957,59.489,1647412,6089.786934,3.561,207883
"867","Lebanon","Asia",1962,62.094,1886848,5714.560611,2.605,239436
"868","Lebanon","Asia",1967,63.87,2186894,6006.983042,1.776,300046
"869","Lebanon","Asia",1972,65.421,2680018,7486.384341,1.55100000000001,493124
"870","Lebanon","Asia",1977,66.099,3115787,8659.696836,0.677999999999997,435769
"871","Lebanon","Asia",1982,66.983,3086876,7640.519521,0.884,-28911
"872","Lebanon","Asia",1987,67.926,3089353,5377.091329,0.942999999999998,2477
"873","Lebanon","Asia",1992,69.292,3219994,6890.806854,1.366,130641
"874","Lebanon","Asia",1997,70.265,3430388,8754.96385,0.972999999999999,210394
"875","Lebanon","Asia",2002,71.028,3677780,9313.93883,0.763000000000005,247392
"876","Lebanon","Asia",2007,71.993,3921278,10461.05868,0.964999999999989,243498
"877","Lesotho","Africa",1952,42.138,748747,298.8462121,0,0
"878","Lesotho","Africa",1957,45.047,813338,335.9971151,2.909,64591
"879","Lesotho","Africa",1962,47.747,893143,411.8006266,2.7,79805
"880","Lesotho","Africa",1967,48.492,996380,498.6390265,0.744999999999997,103237
"881","Lesotho","Africa",1972,49.767,1116779,496.5815922,1.27500000000001,120399
"882","Lesotho","Africa",1977,52.208,1251524,745.3695408,2.441,134745
"883","Lesotho","Africa",1982,55.078,1411807,797.2631074,2.87,160283
"884","Lesotho","Africa",1987,57.18,1599200,773.9932141,2.102,187393
"885","Lesotho","Africa",1992,59.685,1803195,977.4862725,2.505,203995
"886","Lesotho","Africa",1997,55.558,1982823,1186.147994,-4.127,179628
"887","Lesotho","Africa",2002,44.593,2046772,1275.184575,-10.965,63949
"888","Lesotho","Africa",2007,42.592,2012649,1569.331442,-2.001,-34123
"889","Liberia","Africa",1952,38.48,863308,575.5729961,0,0
"890","Liberia","Africa",1957,39.486,975950,620.9699901,1.006,112642
"891","Liberia","Africa",1962,40.502,1112796,634.1951625,1.01600000000001,136846
"892","Liberia","Africa",1967,41.536,1279406,713.6036483,1.034,166610
"893","Liberia","Africa",1972,42.614,1482628,803.0054535,1.078,203222
"894","Liberia","Africa",1977,43.764,1703617,640.3224383,1.15000000000001,220989
"895","Liberia","Africa",1982,44.852,1956875,572.1995694,1.08799999999999,253258
"896","Liberia","Africa",1987,46.027,2269414,506.1138573,1.175,312539
"897","Liberia","Africa",1992,40.802,1912974,636.6229191,-5.225,-356440
"898","Liberia","Africa",1997,42.221,2200725,609.1739508,1.419,287751
"899","Liberia","Africa",2002,43.753,2814651,531.4823679,1.532,613926
"900","Liberia","Africa",2007,45.678,3193942,414.5073415,1.925,379291
"901","Libya","Africa",1952,42.723,1019729,2387.54806,0,0
"902","Libya","Africa",1957,45.289,1201578,3448.284395,2.566,181849
"903","Libya","Africa",1962,47.808,1441863,6757.030816,2.519,240285
"904","Libya","Africa",1967,50.227,1759224,18772.75169,2.419,317361
"905","Libya","Africa",1972,52.773,2183877,21011.49721,2.54600000000001,424653
"906","Libya","Africa",1977,57.442,2721783,21951.21176,4.669,537906
"907","Libya","Africa",1982,62.155,3344074,17364.27538,4.713,622291
"908","Libya","Africa",1987,66.234,3799845,11770.5898,4.07899999999999,455771
"909","Libya","Africa",1992,68.755,4364501,9640.138501,2.521,564656
"910","Libya","Africa",1997,71.555,4759670,9467.446056,2.80000000000001,395169
"911","Libya","Africa",2002,72.737,5368585,9534.677467,1.18199999999999,608915
"912","Libya","Africa",2007,73.952,6036914,12057.49928,1.215,668329
"913","Madagascar","Africa",1952,36.681,4762912,1443.011715,0,0
"914","Madagascar","Africa",1957,38.865,5181679,1589.20275,2.184,418767
"915","Madagascar","Africa",1962,40.848,5703324,1643.38711,1.983,521645
"916","Madagascar","Africa",1967,42.881,6334556,1634.047282,2.033,631232
"917","Madagascar","Africa",1972,44.851,7082430,1748.562982,1.97,747874
"918","Madagascar","Africa",1977,46.881,8007166,1544.228586,2.03,924736
"919","Madagascar","Africa",1982,48.969,9171477,1302.878658,2.088,1164311
"920","Madagascar","Africa",1987,49.35,10568642,1155.441948,0.381,1397165
"921","Madagascar","Africa",1992,52.214,12210395,1040.67619,2.864,1641753
"922","Madagascar","Africa",1997,54.978,14165114,986.2958956,2.764,1954719
"923","Madagascar","Africa",2002,57.286,16473477,894.6370822,2.308,2308363
"924","Madagascar","Africa",2007,59.443,19167654,1044.770126,2.157,2694177
"925","Malawi","Africa",1952,36.256,2917802,369.1650802,0,0
"926","Malawi","Africa",1957,37.207,3221238,416.3698064,0.951000000000001,303436
"927","Malawi","Africa",1962,38.41,3628608,427.9010856,1.203,407370
"928","Malawi","Africa",1967,39.487,4147252,495.5147806,1.07700000000001,518644
"929","Malawi","Africa",1972,41.766,4730997,584.6219709,2.279,583745
"930","Malawi","Africa",1977,43.767,5637246,663.2236766,2.001,906249
"931","Malawi","Africa",1982,45.642,6502825,632.8039209,1.875,865579
"932","Malawi","Africa",1987,47.457,7824747,635.5173634,1.815,1321922
"933","Malawi","Africa",1992,49.42,10014249,563.2000145,1.963,2189502
"934","Malawi","Africa",1997,47.495,10419991,692.2758103,-1.925,405742
"935","Malawi","Africa",2002,45.009,11824495,665.4231186,-2.486,1404504
"936","Malawi","Africa",2007,48.303,13327079,759.3499101,3.294,1502584
"937","Malaysia","Asia",1952,48.463,6748378,1831.132894,0,0
"938","Malaysia","Asia",1957,52.102,7739235,1810.066992,3.639,990857
"939","Malaysia","Asia",1962,55.737,8906385,2036.884944,3.63500000000001,1167150
"940","Malaysia","Asia",1967,59.371,10154878,2277.742396,3.634,1248493
"941","Malaysia","Asia",1972,63.01,11441462,2849.09478,3.639,1286584
"942","Malaysia","Asia",1977,65.256,12845381,3827.921571,2.246,1403919
"943","Malaysia","Asia",1982,68,14441916,4920.355951,2.744,1596535
"944","Malaysia","Asia",1987,69.5,16331785,5249.802653,1.5,1889869
"945","Malaysia","Asia",1992,70.693,18319502,7277.912802,1.193,1987717
"946","Malaysia","Asia",1997,71.938,20476091,10132.90964,1.245,2156589
"947","Malaysia","Asia",2002,73.044,22662365,10206.97794,1.10599999999999,2186274
"948","Malaysia","Asia",2007,74.241,24821286,12451.6558,1.197,2158921
"949","Mali","Africa",1952,33.685,3838168,452.3369807,0,0
"950","Mali","Africa",1957,35.307,4241884,490.3821867,1.622,403716
"951","Mali","Africa",1962,36.936,4690372,496.1743428,1.629,448488
"952","Mali","Africa",1967,38.487,5212416,545.0098873,1.551,522044
"953","Mali","Africa",1972,39.977,5828158,581.3688761,1.48999999999999,615742
"954","Mali","Africa",1977,41.714,6491649,686.3952693,1.737,663491
"955","Mali","Africa",1982,43.916,6998256,618.0140641,2.202,506607
"956","Mali","Africa",1987,46.364,7634008,684.1715576,2.448,635752
"957","Mali","Africa",1992,48.388,8416215,739.014375,2.024,782207
"958","Mali","Africa",1997,49.903,9384984,790.2579846,1.515,968769
"959","Mali","Africa",2002,51.818,10580176,951.4097518,1.915,1195192
"960","Mali","Africa",2007,54.467,12031795,1042.581557,2.649,1451619
"961","Mauritania","Africa",1952,40.543,1022556,743.1159097,0,0
"962","Mauritania","Africa",1957,42.338,1076852,846.1202613,1.795,54296
"963","Mauritania","Africa",1962,44.248,1146757,1055.896036,1.91,69905
"964","Mauritania","Africa",1967,46.289,1230542,1421.145193,2.041,83785
"965","Mauritania","Africa",1972,48.437,1332786,1586.851781,2.148,102244
"966","Mauritania","Africa",1977,50.852,1456688,1497.492223,2.415,123902
"967","Mauritania","Africa",1982,53.599,1622136,1481.150189,2.747,165448
"968","Mauritania","Africa",1987,56.145,1841240,1421.603576,2.54600000000001,219104
"969","Mauritania","Africa",1992,58.333,2119465,1361.369784,2.188,278225
"970","Mauritania","Africa",1997,60.43,2444741,1483.136136,2.097,325276
"971","Mauritania","Africa",2002,62.247,2828858,1579.019543,1.817,384117
"972","Mauritania","Africa",2007,64.164,3270065,1803.151496,1.917,441207
"973","Mauritius","Africa",1952,50.986,516556,1967.955707,0,0
"974","Mauritius","Africa",1957,58.089,609816,2034.037981,7.103,93260
"975","Mauritius","Africa",1962,60.246,701016,2529.067487,2.157,91200
"976","Mauritius","Africa",1967,61.557,789309,2475.387562,1.311,88293
"977","Mauritius","Africa",1972,62.944,851334,2575.484158,1.387,62025
"978","Mauritius","Africa",1977,64.93,913025,3710.982963,1.986,61691
"979","Mauritius","Africa",1982,66.711,992040,3688.037739,1.78099999999999,79015
"980","Mauritius","Africa",1987,68.74,1042663,4783.586903,2.029,50623
"981","Mauritius","Africa",1992,69.745,1096202,6058.253846,1.00500000000001,53539
"982","Mauritius","Africa",1997,70.736,1149818,7425.705295,0.991,53616
"983","Mauritius","Africa",2002,71.954,1200206,9021.815894,1.21799999999999,50388
"984","Mauritius","Africa",2007,72.801,1250882,10956.99112,0.847000000000008,50676
"985","Mexico","Americas",1952,50.789,30144317,3478.125529,0,0
"986","Mexico","Americas",1957,55.19,35015548,4131.546641,4.401,4871231
"987","Mexico","Americas",1962,58.299,41121485,4581.609385,3.109,6105937
"988","Mexico","Americas",1967,60.11,47995559,5754.733883,1.811,6874074
"989","Mexico","Americas",1972,62.361,55984294,6809.40669,2.251,7988735
"990","Mexico","Americas",1977,65.032,63759976,7674.929108,2.671,7775682
"991","Mexico","Americas",1982,67.405,71640904,9611.147541,2.373,7880928
"992","Mexico","Americas",1987,69.498,80122492,8688.156003,2.093,8481588
"993","Mexico","Americas",1992,71.455,88111030,9472.384295,1.95699999999999,7988538
"994","Mexico","Americas",1997,73.67,95895146,9767.29753,2.215,7784116
"995","Mexico","Americas",2002,74.902,102479927,10742.44053,1.232,6584781
"996","Mexico","Americas",2007,76.195,108700891,11977.57496,1.29299999999999,6220964
"997","Mongolia","Asia",1952,42.244,800663,786.5668575,0,0
"998","Mongolia","Asia",1957,45.248,882134,912.6626085,3.004,81471
"999","Mongolia","Asia",1962,48.251,1010280,1056.353958,3.003,128146
"1000","Mongolia","Asia",1967,51.253,1149500,1226.04113,3.002,139220
"1001","Mongolia","Asia",1972,53.754,1320500,1421.741975,2.501,171000
"1002","Mongolia","Asia",1977,55.491,1528000,1647.511665,1.737,207500
"1003","Mongolia","Asia",1982,57.489,1756032,2000.603139,1.998,228032
"1004","Mongolia","Asia",1987,60.222,2015133,2338.008304,2.733,259101
"1005","Mongolia","Asia",1992,61.271,2312802,1785.402016,1.049,297669
"1006","Mongolia","Asia",1997,63.625,2494803,1902.2521,2.354,182001
"1007","Mongolia","Asia",2002,65.033,2674234,2140.739323,1.408,179431
"1008","Mongolia","Asia",2007,66.803,2874127,3095.772271,1.77,199893
"1009","Montenegro","Europe",1952,59.164,413834,2647.585601,0,0
"1010","Montenegro","Europe",1957,61.448,442829,3682.259903,2.284,28995
"1011","Montenegro","Europe",1962,63.728,474528,4649.593785,2.28,31699
"1012","Montenegro","Europe",1967,67.178,501035,5907.850937,3.45,26507
"1013","Montenegro","Europe",1972,70.636,527678,7778.414017,3.458,26643
"1014","Montenegro","Europe",1977,73.066,560073,9595.929905,2.43000000000001,32395
"1015","Montenegro","Europe",1982,74.101,562548,11222.58762,1.035,2475
"1016","Montenegro","Europe",1987,74.865,569473,11732.51017,0.763999999999996,6925
"1017","Montenegro","Europe",1992,75.435,621621,7003.339037,0.570000000000007,52148
"1018","Montenegro","Europe",1997,75.445,692651,6465.613349,0.00999999999999091,71030
"1019","Montenegro","Europe",2002,73.981,720230,6557.194282,-1.464,27579
"1020","Montenegro","Europe",2007,74.543,684736,9253.896111,0.562000000000012,-35494
"1021","Morocco","Africa",1952,42.873,9939217,1688.20357,0,0
"1022","Morocco","Africa",1957,45.423,11406350,1642.002314,2.55,1467133
"1023","Morocco","Africa",1962,47.924,13056604,1566.353493,2.501,1650254
"1024","Morocco","Africa",1967,50.335,14770296,1711.04477,2.411,1713692
"1025","Morocco","Africa",1972,52.862,16660670,1930.194975,2.527,1890374
"1026","Morocco","Africa",1977,55.73,18396941,2370.619976,2.86799999999999,1736271
"1027","Morocco","Africa",1982,59.65,20198730,2702.620356,3.92,1801789
"1028","Morocco","Africa",1987,62.677,22987397,2755.046991,3.027,2788667
"1029","Morocco","Africa",1992,65.393,25798239,2948.047252,2.716,2810842
"1030","Morocco","Africa",1997,67.66,28529501,2982.101858,2.267,2731262
"1031","Morocco","Africa",2002,69.615,31167783,3258.495584,1.955,2638282
"1032","Morocco","Africa",2007,71.164,33757175,3820.17523,1.54900000000001,2589392
"1033","Mozambique","Africa",1952,31.286,6446316,468.5260381,0,0
"1034","Mozambique","Africa",1957,33.779,7038035,495.5868333,2.493,591719
"1035","Mozambique","Africa",1962,36.161,7788944,556.6863539,2.382,750909
"1036","Mozambique","Africa",1967,38.113,8680909,566.6691539,1.952,891965
"1037","Mozambique","Africa",1972,40.328,9809596,724.9178037,2.215,1128687
"1038","Mozambique","Africa",1977,42.495,11127868,502.3197334,2.16699999999999,1318272
"1039","Mozambique","Africa",1982,42.795,12587223,462.2114149,0.300000000000004,1459355
"1040","Mozambique","Africa",1987,42.861,12891952,389.8761846,0.0659999999999954,304729
"1041","Mozambique","Africa",1992,44.284,13160731,410.8968239,1.423,268779
"1042","Mozambique","Africa",1997,46.344,16603334,472.3460771,2.06,3442603
"1043","Mozambique","Africa",2002,44.026,18473780,633.6179466,-2.318,1870446
"1044","Mozambique","Africa",2007,42.082,19951656,823.6856205,-1.944,1477876
"1045","Myanmar","Asia",1952,36.319,20092996,331,0,0
"1046","Myanmar","Asia",1957,41.905,21731844,350,5.586,1638848
"1047","Myanmar","Asia",1962,45.108,23634436,388,3.203,1902592
"1048","Myanmar","Asia",1967,49.379,25870271,349,4.271,2235835
"1049","Myanmar","Asia",1972,53.07,28466390,357,3.691,2596119
"1050","Myanmar","Asia",1977,56.059,31528087,371,2.989,3061697
"1051","Myanmar","Asia",1982,58.056,34680442,424,1.997,3152355
"1052","Myanmar","Asia",1987,58.339,38028578,385,0.283000000000001,3348136
"1053","Myanmar","Asia",1992,59.32,40546538,347,0.981000000000002,2517960
"1054","Myanmar","Asia",1997,60.328,43247867,415,1.008,2701329
"1055","Myanmar","Asia",2002,59.908,45598081,611,-0.420000000000002,2350214
"1056","Myanmar","Asia",2007,62.069,47761980,944,2.161,2163899
"1057","Namibia","Africa",1952,41.725,485831,2423.780443,0,0
"1058","Namibia","Africa",1957,45.226,548080,2621.448058,3.501,62249
"1059","Namibia","Africa",1962,48.386,621392,3173.215595,3.16,73312
"1060","Namibia","Africa",1967,51.159,706640,3793.694753,2.773,85248
"1061","Namibia","Africa",1972,53.867,821782,3746.080948,2.708,115142
"1062","Namibia","Africa",1977,56.437,977026,3876.485958,2.57,155244
"1063","Namibia","Africa",1982,58.968,1099010,4191.100511,2.53100000000001,121984
"1064","Namibia","Africa",1987,60.835,1278184,3693.731337,1.867,179174
"1065","Namibia","Africa",1992,61.999,1554253,3804.537999,1.164,276069
"1066","Namibia","Africa",1997,58.909,1774766,3899.52426,-3.09,220513
"1067","Namibia","Africa",2002,51.479,1972153,4072.324751,-7.43,197387
"1068","Namibia","Africa",2007,52.906,2055080,4811.060429,1.427,82927
"1069","Nepal","Asia",1952,36.157,9182536,545.8657229,0,0
"1070","Nepal","Asia",1957,37.686,9682338,597.9363558,1.529,499802
"1071","Nepal","Asia",1962,39.393,10332057,652.3968593,1.707,649719
"1072","Nepal","Asia",1967,41.472,11261690,676.4422254,2.079,929633
"1073","Nepal","Asia",1972,43.971,12412593,674.7881296,2.499,1150903
"1074","Nepal","Asia",1977,46.748,13933198,694.1124398,2.777,1520605
"1075","Nepal","Asia",1982,49.594,15796314,718.3730947,2.846,1863116
"1076","Nepal","Asia",1987,52.537,17917180,775.6324501,2.943,2120866
"1077","Nepal","Asia",1992,55.727,20326209,897.7403604,3.19,2409029
"1078","Nepal","Asia",1997,59.426,23001113,1010.892138,3.69900000000001,2674904
"1079","Nepal","Asia",2002,61.34,25873917,1057.206311,1.914,2872804
"1080","Nepal","Asia",2007,63.785,28901790,1091.359778,2.44499999999999,3027873
"1081","Netherlands","Europe",1952,72.13,10381988,8941.571858,0,0
"1082","Netherlands","Europe",1957,72.99,11026383,11276.19344,0.859999999999999,644395
"1083","Netherlands","Europe",1962,73.23,11805689,12790.84956,0.240000000000009,779306
"1084","Netherlands","Europe",1967,73.82,12596822,15363.25136,0.589999999999989,791133
"1085","Netherlands","Europe",1972,73.75,13329874,18794.74567,-0.0699999999999932,733052
"1086","Netherlands","Europe",1977,75.24,13852989,21209.0592,1.48999999999999,523115
"1087","Netherlands","Europe",1982,76.05,14310401,21399.46046,0.810000000000002,457412
"1088","Netherlands","Europe",1987,76.83,14665278,23651.32361,0.780000000000001,354877
"1089","Netherlands","Europe",1992,77.42,15174244,26790.94961,0.590000000000003,508966
"1090","Netherlands","Europe",1997,78.03,15604464,30246.13063,0.609999999999999,430220
"1091","Netherlands","Europe",2002,78.53,16122830,33724.75778,0.5,518366
"1092","Netherlands","Europe",2007,79.762,16570613,36797.93332,1.232,447783
"1093","New Zealand","Oceania",1952,69.39,1994794,10556.57566,0,0
"1094","New Zealand","Oceania",1957,70.26,2229407,12247.39532,0.870000000000005,234613
"1095","New Zealand","Oceania",1962,71.24,2488550,13175.678,0.97999999999999,259143
"1096","New Zealand","Oceania",1967,71.52,2728150,14463.91893,0.280000000000001,239600
"1097","New Zealand","Oceania",1972,71.89,2929100,16046.03728,0.370000000000005,200950
"1098","New Zealand","Oceania",1977,72.22,3164900,16233.7177,0.329999999999998,235800
"1099","New Zealand","Oceania",1982,73.84,3210650,17632.4104,1.62,45750
"1100","New Zealand","Oceania",1987,74.32,3317166,19007.19129,0.47999999999999,106516
"1101","New Zealand","Oceania",1992,76.33,3437674,18363.32494,2.01000000000001,120508
"1102","New Zealand","Oceania",1997,77.55,3676187,21050.41377,1.22,238513
"1103","New Zealand","Oceania",2002,79.11,3908037,23189.80135,1.56,231850
"1104","New Zealand","Oceania",2007,80.204,4115771,25185.00911,1.09399999999999,207734
"1105","Nicaragua","Americas",1952,42.314,1165790,3112.363948,0,0
"1106","Nicaragua","Americas",1957,45.432,1358828,3457.415947,3.118,193038
"1107","Nicaragua","Americas",1962,48.632,1590597,3634.364406,3.2,231769
"1108","Nicaragua","Americas",1967,51.884,1865490,4643.393534,3.252,274893
"1109","Nicaragua","Americas",1972,55.151,2182908,4688.593267,3.267,317418
"1110","Nicaragua","Americas",1977,57.47,2554598,5486.371089,2.319,371690
"1111","Nicaragua","Americas",1982,59.298,2979423,3470.338156,1.828,424825
"1112","Nicaragua","Americas",1987,62.008,3344353,2955.984375,2.71,364930
"1113","Nicaragua","Americas",1992,65.843,4017939,2170.151724,3.835,673586
"1114","Nicaragua","Americas",1997,68.426,4609572,2253.023004,2.583,591633
"1115","Nicaragua","Americas",2002,70.836,5146848,2474.548819,2.41,537276
"1116","Nicaragua","Americas",2007,72.899,5675356,2749.320965,2.063,528508
"1117","Niger","Africa",1952,37.444,3379468,761.879376,0,0
"1118","Niger","Africa",1957,38.598,3692184,835.5234025,1.154,312716
"1119","Niger","Africa",1962,39.487,4076008,997.7661127,0.889000000000003,383824
"1120","Niger","Africa",1967,40.118,4534062,1054.384891,0.631,458054
"1121","Niger","Africa",1972,40.546,5060262,954.2092363,0.427999999999997,526200
"1122","Niger","Africa",1977,41.291,5682086,808.8970728,0.744999999999997,621824
"1123","Niger","Africa",1982,42.598,6437188,909.7221354,1.307,755102
"1124","Niger","Africa",1987,44.555,7332638,668.3000228,1.957,895450
"1125","Niger","Africa",1992,47.391,8392818,581.182725,2.836,1060180
"1126","Niger","Africa",1997,51.313,9666252,580.3052092,3.922,1273434
"1127","Niger","Africa",2002,54.496,11140655,601.0745012,3.183,1474403
"1128","Niger","Africa",2007,56.867,12894865,619.6768924,2.371,1754210
"1129","Nigeria","Africa",1952,36.324,33119096,1077.281856,0,0
"1130","Nigeria","Africa",1957,37.802,37173340,1100.592563,1.478,4054244
"1131","Nigeria","Africa",1962,39.36,41871351,1150.927478,1.558,4698011
"1132","Nigeria","Africa",1967,41.04,47287752,1014.514104,1.68,5416401
"1133","Nigeria","Africa",1972,42.821,53740085,1698.388838,1.781,6452333
"1134","Nigeria","Africa",1977,44.514,62209173,1981.951806,1.693,8469088
"1135","Nigeria","Africa",1982,45.826,73039376,1576.97375,1.312,10830203
"1136","Nigeria","Africa",1987,46.886,81551520,1385.029563,1.06,8512144
"1137","Nigeria","Africa",1992,47.472,93364244,1619.848217,0.585999999999999,11812724
"1138","Nigeria","Africa",1997,47.464,106207839,1624.941275,-0.00800000000000267,12843595
"1139","Nigeria","Africa",2002,46.608,119901274,1615.286395,-0.856000000000002,13693435
"1140","Nigeria","Africa",2007,46.859,135031164,2013.977305,0.251000000000005,15129890
"1141","Norway","Europe",1952,72.67,3327728,10095.42172,0,0
"1142","Norway","Europe",1957,73.44,3491938,11653.97304,0.769999999999996,164210
"1143","Norway","Europe",1962,73.47,3638919,13450.40151,0.0300000000000011,146981
"1144","Norway","Europe",1967,74.08,3786019,16361.87647,0.609999999999999,147100
"1145","Norway","Europe",1972,74.34,3933004,18965.05551,0.260000000000005,146985
"1146","Norway","Europe",1977,75.37,4043205,23311.34939,1.03,110201
"1147","Norway","Europe",1982,75.97,4114787,26298.63531,0.599999999999994,71582
"1148","Norway","Europe",1987,75.89,4186147,31540.9748,-0.0799999999999983,71360
"1149","Norway","Europe",1992,77.32,4286357,33965.66115,1.42999999999999,100210
"1150","Norway","Europe",1997,78.32,4405672,41283.16433,1,119315
"1151","Norway","Europe",2002,79.05,4535591,44683.97525,0.730000000000004,129919
"1152","Norway","Europe",2007,80.196,4627926,49357.19017,1.146,92335
"1153","Oman","Asia",1952,37.578,507833,1828.230307,0,0
"1154","Oman","Asia",1957,40.08,561977,2242.746551,2.502,54144
"1155","Oman","Asia",1962,43.165,628164,2924.638113,3.085,66187
"1156","Oman","Asia",1967,46.988,714775,4720.942687,3.823,86611
"1157","Oman","Asia",1972,52.143,829050,10618.03855,5.155,114275
"1158","Oman","Asia",1977,57.367,1004533,11848.34392,5.224,175483
"1159","Oman","Asia",1982,62.728,1301048,12954.79101,5.361,296515
"1160","Oman","Asia",1987,67.734,1593882,18115.22313,5.00599999999999,292834
"1161","Oman","Asia",1992,71.197,1915208,18616.70691,3.46300000000001,321326
"1162","Oman","Asia",1997,72.499,2283635,19702.05581,1.30199999999999,368427
"1163","Oman","Asia",2002,74.193,2713462,19774.83687,1.694,429827
"1164","Oman","Asia",2007,75.64,3204897,22316.19287,1.447,491435
"1165","Pakistan","Asia",1952,43.436,41346560,684.5971438,0,0
"1166","Pakistan","Asia",1957,45.557,46679944,747.0835292,2.121,5333384
"1167","Pakistan","Asia",1962,47.67,53100671,803.3427418,2.113,6420727
"1168","Pakistan","Asia",1967,49.8,60641899,942.4082588,2.13,7541228
"1169","Pakistan","Asia",1972,51.929,69325921,1049.938981,2.129,8684022
"1170","Pakistan","Asia",1977,54.043,78152686,1175.921193,2.114,8826765
"1171","Pakistan","Asia",1982,56.158,91462088,1443.429832,2.115,13309402
"1172","Pakistan","Asia",1987,58.245,105186881,1704.686583,2.087,13724793
"1173","Pakistan","Asia",1992,60.838,120065004,1971.829464,2.593,14878123
"1174","Pakistan","Asia",1997,61.818,135564834,2049.350521,0.979999999999997,15499830
"1175","Pakistan","Asia",2002,63.61,153403524,2092.712441,1.792,17838690
"1176","Pakistan","Asia",2007,65.483,169270617,2605.94758,1.873,15867093
"1177","Panama","Americas",1952,55.191,940080,2480.380334,0,0
"1178","Panama","Americas",1957,59.201,1063506,2961.800905,4.01,123426
"1179","Panama","Americas",1962,61.817,1215725,3536.540301,2.616,152219
"1180","Panama","Americas",1967,64.071,1405486,4421.009084,2.254,189761
"1181","Panama","Americas",1972,66.216,1616384,5364.249663,2.145,210898
"1182","Panama","Americas",1977,68.681,1839782,5351.912144,2.465,223398
"1183","Panama","Americas",1982,70.472,2036305,7009.601598,1.791,196523
"1184","Panama","Americas",1987,71.523,2253639,7034.779161,1.051,217334
"1185","Panama","Americas",1992,72.462,2484997,6618.74305,0.939000000000007,231358
"1186","Panama","Americas",1997,73.738,2734531,7113.692252,1.276,249534
"1187","Panama","Americas",2002,74.712,2990875,7356.031934,0.974000000000004,256344
"1188","Panama","Americas",2007,75.537,3242173,9809.185636,0.825000000000003,251298
"1189","Paraguay","Americas",1952,62.649,1555876,1952.308701,0,0
"1190","Paraguay","Americas",1957,63.196,1770902,2046.154706,0.546999999999997,215026
"1191","Paraguay","Americas",1962,64.361,2009813,2148.027146,1.16500000000001,238911
"1192","Paraguay","Americas",1967,64.951,2287985,2299.376311,0.589999999999989,278172
"1193","Paraguay","Americas",1972,65.815,2614104,2523.337977,0.864000000000004,326119
"1194","Paraguay","Americas",1977,66.353,2984494,3248.373311,0.537999999999997,370390
"1195","Paraguay","Americas",1982,66.874,3366439,4258.503604,0.521000000000001,381945
"1196","Paraguay","Americas",1987,67.378,3886512,3998.875695,0.504000000000005,520073
"1197","Paraguay","Americas",1992,68.225,4483945,4196.411078,0.846999999999994,597433
"1198","Paraguay","Americas",1997,69.4,5154123,4247.400261,1.17500000000001,670178
"1199","Paraguay","Americas",2002,70.755,5884491,3783.674243,1.35499999999999,730368
"1200","Paraguay","Americas",2007,71.752,6667147,4172.838464,0.997,782656
"1201","Peru","Americas",1952,43.902,8025700,3758.523437,0,0
"1202","Peru","Americas",1957,46.263,9146100,4245.256698,2.361,1120400
"1203","Peru","Americas",1962,49.096,10516500,4957.037982,2.833,1370400
"1204","Peru","Americas",1967,51.445,12132200,5788.09333,2.349,1615700
"1205","Peru","Americas",1972,55.448,13954700,5937.827283,4.003,1822500
"1206","Peru","Americas",1977,58.447,15990099,6281.290855,2.999,2035399
"1207","Peru","Americas",1982,61.406,18125129,6434.501797,2.959,2135030
"1208","Peru","Americas",1987,64.134,20195924,6360.943444,2.728,2070795
"1209","Peru","Americas",1992,66.458,22430449,4446.380924,2.324,2234525
"1210","Peru","Americas",1997,68.386,24748122,5838.347657,1.928,2317673
"1211","Peru","Americas",2002,69.906,26769436,5909.020073,1.52000000000001,2021314
"1212","Peru","Americas",2007,71.421,28674757,7408.905561,1.515,1905321
"1213","Philippines","Asia",1952,47.752,22438691,1272.880995,0,0
"1214","Philippines","Asia",1957,51.334,26072194,1547.944844,3.582,3633503
"1215","Philippines","Asia",1962,54.757,30325264,1649.552153,3.42299999999999,4253070
"1216","Philippines","Asia",1967,56.393,35356600,1814.12743,1.636,5031336
"1217","Philippines","Asia",1972,58.065,40850141,1989.37407,1.672,5493541
"1218","Philippines","Asia",1977,60.06,46850962,2373.204287,1.995,6000821
"1219","Philippines","Asia",1982,62.082,53456774,2603.273765,2.022,6605812
"1220","Philippines","Asia",1987,64.151,60017788,2189.634995,2.069,6561014
"1221","Philippines","Asia",1992,66.458,67185766,2279.324017,2.307,7167978
"1222","Philippines","Asia",1997,68.564,75012988,2536.534925,2.10599999999999,7827222
"1223","Philippines","Asia",2002,70.303,82995088,2650.921068,1.739,7982100
"1224","Philippines","Asia",2007,71.688,91077287,3190.481016,1.38500000000001,8082199
"1225","Poland","Europe",1952,61.31,25730551,4029.329699,0,0
"1226","Poland","Europe",1957,65.77,28235346,4734.253019,4.45999999999999,2504795
"1227","Poland","Europe",1962,67.64,30329617,5338.752143,1.87,2094271
"1228","Poland","Europe",1967,69.61,31785378,6557.152776,1.97,1455761
"1229","Poland","Europe",1972,70.85,33039545,8006.506993,1.23999999999999,1254167
"1230","Poland","Europe",1977,70.67,34621254,9508.141454,-0.179999999999993,1581709
"1231","Poland","Europe",1982,71.32,36227381,8451.531004,0.649999999999991,1606127
"1232","Poland","Europe",1987,70.98,37740710,9082.351172,-0.339999999999989,1513329
"1233","Poland","Europe",1992,70.99,38370697,7738.881247,0.00999999999999091,629987
"1234","Poland","Europe",1997,72.75,38654957,10159.58368,1.76000000000001,284260
"1235","Poland","Europe",2002,74.67,38625976,12002.23908,1.92,-28981
"1236","Poland","Europe",2007,75.563,38518241,15389.92468,0.893000000000001,-107735
"1237","Portugal","Europe",1952,59.82,8526050,3068.319867,0,0
"1238","Portugal","Europe",1957,61.51,8817650,3774.571743,1.69,291600
"1239","Portugal","Europe",1962,64.39,9019800,4727.954889,2.88,202150
"1240","Portugal","Europe",1967,66.6,9103000,6361.517993,2.20999999999999,83200
"1241","Portugal","Europe",1972,69.26,8970450,9022.247417,2.66000000000001,-132550
"1242","Portugal","Europe",1977,70.41,9662600,10172.48572,1.14999999999999,692150
"1243","Portugal","Europe",1982,72.77,9859650,11753.84291,2.36,197050
"1244","Portugal","Europe",1987,74.06,9915289,13039.30876,1.29000000000001,55639
"1245","Portugal","Europe",1992,74.86,9927680,16207.26663,0.799999999999997,12391
"1246","Portugal","Europe",1997,75.97,10156415,17641.03156,1.11,228735
"1247","Portugal","Europe",2002,77.29,10433867,19970.90787,1.32000000000001,277452
"1248","Portugal","Europe",2007,78.098,10642836,20509.64777,0.807999999999993,208969
"1249","Puerto Rico","Americas",1952,64.28,2227000,3081.959785,0,0
"1250","Puerto Rico","Americas",1957,68.54,2260000,3907.156189,4.26000000000001,33000
"1251","Puerto Rico","Americas",1962,69.62,2448046,5108.34463,1.08,188046
"1252","Puerto Rico","Americas",1967,71.1,2648961,6929.277714,1.47999999999999,200915
"1253","Puerto Rico","Americas",1972,72.16,2847132,9123.041742,1.06,198171
"1254","Puerto Rico","Americas",1977,73.44,3080828,9770.524921,1.28,233696
"1255","Puerto Rico","Americas",1982,73.75,3279001,10330.98915,0.310000000000002,198173
"1256","Puerto Rico","Americas",1987,74.63,3444468,12281.34191,0.879999999999995,165467
"1257","Puerto Rico","Americas",1992,73.911,3585176,14641.58711,-0.718999999999994,140708
"1258","Puerto Rico","Americas",1997,74.917,3759430,16999.4333,1.006,174254
"1259","Puerto Rico","Americas",2002,77.778,3859606,18855.60618,2.861,100176
"1260","Puerto Rico","Americas",2007,78.746,3942491,19328.70901,0.967999999999989,82885
"1261","Reunion","Africa",1952,52.724,257700,2718.885295,0,0
"1262","Reunion","Africa",1957,55.09,308700,2769.451844,2.36600000000001,51000
"1263","Reunion","Africa",1962,57.666,358900,3173.72334,2.57599999999999,50200
"1264","Reunion","Africa",1967,60.542,414024,4021.175739,2.876,55124
"1265","Reunion","Africa",1972,64.274,461633,5047.658563,3.732,47609
"1266","Reunion","Africa",1977,67.064,492095,4319.804067,2.78999999999999,30462
"1267","Reunion","Africa",1982,69.885,517810,5267.219353,2.82100000000001,25715
"1268","Reunion","Africa",1987,71.913,562035,5303.377488,2.02799999999999,44225
"1269","Reunion","Africa",1992,73.615,622191,6101.255823,1.702,60156
"1270","Reunion","Africa",1997,74.772,684810,6071.941411,1.15700000000001,62619
"1271","Reunion","Africa",2002,75.744,743981,6316.1652,0.971999999999994,59171
"1272","Reunion","Africa",2007,76.442,798094,7670.122558,0.697999999999993,54113
"1273","Romania","Europe",1952,61.05,16630000,3144.613186,0,0
"1274","Romania","Europe",1957,64.1,17829327,3943.370225,3.05,1199327
"1275","Romania","Europe",1962,66.8,18680721,4734.997586,2.7,851394
"1276","Romania","Europe",1967,66.8,19284814,6470.866545,0,604093
"1277","Romania","Europe",1972,69.21,20662648,8011.414402,2.41,1377834
"1278","Romania","Europe",1977,69.46,21658597,9356.39724,0.25,995949
"1279","Romania","Europe",1982,69.66,22356726,9605.314053,0.200000000000003,698129
"1280","Romania","Europe",1987,69.53,22686371,9696.273295,-0.129999999999995,329645
"1281","Romania","Europe",1992,69.36,22797027,6598.409903,-0.170000000000002,110656
"1282","Romania","Europe",1997,69.72,22562458,7346.547557,0.359999999999999,-234569
"1283","Romania","Europe",2002,71.322,22404337,7885.360081,1.602,-158121
"1284","Romania","Europe",2007,72.476,22276056,10808.47561,1.154,-128281
"1285","Rwanda","Africa",1952,40,2534927,493.3238752,0,0
"1286","Rwanda","Africa",1957,41.5,2822082,540.2893983,1.5,287155
"1287","Rwanda","Africa",1962,43,3051242,597.4730727,1.5,229160
"1288","Rwanda","Africa",1967,44.1,3451079,510.9637142,1.1,399837
"1289","Rwanda","Africa",1972,44.6,3992121,590.5806638,0.5,541042
"1290","Rwanda","Africa",1977,45,4657072,670.0806011,0.399999999999999,664951
"1291","Rwanda","Africa",1982,46.218,5507565,881.5706467,1.218,850493
"1292","Rwanda","Africa",1987,44.02,6349365,847.991217,-2.198,841800
"1293","Rwanda","Africa",1992,23.599,7290203,737.0685949,-20.421,940838
"1294","Rwanda","Africa",1997,36.087,7212583,589.9445051,12.488,-77620
"1295","Rwanda","Africa",2002,43.413,7852401,785.6537648,7.32599999999999,639818
"1296","Rwanda","Africa",2007,46.242,8860588,863.0884639,2.829,1008187
"1297","Sao Tome and Principe","Africa",1952,46.471,60011,879.5835855,0,0
"1298","Sao Tome and Principe","Africa",1957,48.945,61325,860.7369026,2.474,1314
"1299","Sao Tome and Principe","Africa",1962,51.893,65345,1071.551119,2.948,4020
"1300","Sao Tome and Principe","Africa",1967,54.425,70787,1384.840593,2.532,5442
"1301","Sao Tome and Principe","Africa",1972,56.48,76595,1532.985254,2.055,5808
"1302","Sao Tome and Principe","Africa",1977,58.55,86796,1737.561657,2.07,10201
"1303","Sao Tome and Principe","Africa",1982,60.351,98593,1890.218117,1.801,11797
"1304","Sao Tome and Principe","Africa",1987,61.728,110812,1516.525457,1.377,12219
"1305","Sao Tome and Principe","Africa",1992,62.742,125911,1428.777814,1.014,15099
"1306","Sao Tome and Principe","Africa",1997,63.306,145608,1339.076036,0.564,19697
"1307","Sao Tome and Principe","Africa",2002,64.337,170372,1353.09239,1.03100000000001,24764
"1308","Sao Tome and Principe","Africa",2007,65.528,199579,1598.435089,1.191,29207
"1309","Saudi Arabia","Asia",1952,39.875,4005677,6459.554823,0,0
"1310","Saudi Arabia","Asia",1957,42.868,4419650,8157.591248,2.993,413973
"1311","Saudi Arabia","Asia",1962,45.914,4943029,11626.41975,3.046,523379
"1312","Saudi Arabia","Asia",1967,49.901,5618198,16903.04886,3.987,675169
"1313","Saudi Arabia","Asia",1972,53.886,6472756,24837.42865,3.985,854558
"1314","Saudi Arabia","Asia",1977,58.69,8128505,34167.7626,4.80399999999999,1655749
"1315","Saudi Arabia","Asia",1982,63.012,11254672,33693.17525,4.322,3126167
"1316","Saudi Arabia","Asia",1987,66.295,14619745,21198.26136,3.283,3365073
"1317","Saudi Arabia","Asia",1992,68.768,16945857,24841.61777,2.473,2326112
"1318","Saudi Arabia","Asia",1997,70.533,21229759,20586.69019,1.765,4283902
"1319","Saudi Arabia","Asia",2002,71.626,24501530,19014.54118,1.093,3271771
"1320","Saudi Arabia","Asia",2007,72.777,27601038,21654.83194,1.151,3099508
"1321","Senegal","Africa",1952,37.278,2755589,1450.356983,0,0
"1322","Senegal","Africa",1957,39.329,3054547,1567.653006,2.051,298958
"1323","Senegal","Africa",1962,41.454,3430243,1654.988723,2.125,375696
"1324","Senegal","Africa",1967,43.563,3965841,1612.404632,2.109,535598
"1325","Senegal","Africa",1972,45.815,4588696,1597.712056,2.252,622855
"1326","Senegal","Africa",1977,48.879,5260855,1561.769116,3.064,672159
"1327","Senegal","Africa",1982,52.379,6147783,1518.479984,3.5,886928
"1328","Senegal","Africa",1987,55.769,7171347,1441.72072,3.39,1023564
"1329","Senegal","Africa",1992,58.196,8307920,1367.899369,2.427,1136573
"1330","Senegal","Africa",1997,60.187,9535314,1392.368347,1.991,1227394
"1331","Senegal","Africa",2002,61.6,10870037,1519.635262,1.413,1334723
"1332","Senegal","Africa",2007,63.062,12267493,1712.472136,1.462,1397456
"1333","Serbia","Europe",1952,57.996,6860147,3581.459448,0,0
"1334","Serbia","Europe",1957,61.685,7271135,4981.090891,3.689,410988
"1335","Serbia","Europe",1962,64.531,7616060,6289.629157,2.846,344925
"1336","Serbia","Europe",1967,66.914,7971222,7991.707066,2.383,355162
"1337","Serbia","Europe",1972,68.7,8313288,10522.06749,1.786,342066
"1338","Serbia","Europe",1977,70.3,8686367,12980.66956,1.59999999999999,373079
"1339","Serbia","Europe",1982,70.162,9032824,15181.0927,-0.137999999999991,346457
"1340","Serbia","Europe",1987,71.218,9230783,15870.87851,1.056,197959
"1341","Serbia","Europe",1992,71.659,9826397,9325.068238,0.441000000000003,595614
"1342","Serbia","Europe",1997,72.232,10336594,7914.320304,0.572999999999993,510197
"1343","Serbia","Europe",2002,73.213,10111559,7236.075251,0.980999999999995,-225035
"1344","Serbia","Europe",2007,74.002,10150265,9786.534714,0.789000000000001,38706
"1345","Sierra Leone","Africa",1952,30.331,2143249,879.7877358,0,0
"1346","Sierra Leone","Africa",1957,31.57,2295678,1004.484437,1.239,152429
"1347","Sierra Leone","Africa",1962,32.767,2467895,1116.639877,1.197,172217
"1348","Sierra Leone","Africa",1967,34.113,2662190,1206.043465,1.346,194295
"1349","Sierra Leone","Africa",1972,35.4,2879013,1353.759762,1.287,216823
"1350","Sierra Leone","Africa",1977,36.788,3140897,1348.285159,1.388,261884
"1351","Sierra Leone","Africa",1982,38.445,3464522,1465.010784,1.657,323625
"1352","Sierra Leone","Africa",1987,40.006,3868905,1294.447788,1.561,404383
"1353","Sierra Leone","Africa",1992,38.333,4260884,1068.696278,-1.673,391979
"1354","Sierra Leone","Africa",1997,39.897,4578212,574.6481576,1.564,317328
"1355","Sierra Leone","Africa",2002,41.012,5359092,699.489713,1.115,780880
"1356","Sierra Leone","Africa",2007,42.568,6144562,862.5407561,1.556,785470
"1357","Singapore","Asia",1952,60.396,1127000,2315.138227,0,0
"1358","Singapore","Asia",1957,63.179,1445929,2843.104409,2.783,318929
"1359","Singapore","Asia",1962,65.798,1750200,3674.735572,2.619,304271
"1360","Singapore","Asia",1967,67.946,1977600,4977.41854,2.148,227400
"1361","Singapore","Asia",1972,69.521,2152400,8597.756202,1.575,174800
"1362","Singapore","Asia",1977,70.795,2325300,11210.08948,1.274,172900
"1363","Singapore","Asia",1982,71.76,2651869,15169.16112,0.965000000000003,326569
"1364","Singapore","Asia",1987,73.56,2794552,18861.53081,1.8,142683
"1365","Singapore","Asia",1992,75.788,3235865,24769.8912,2.22799999999999,441313
"1366","Singapore","Asia",1997,77.158,3802309,33519.4766,1.37,566444
"1367","Singapore","Asia",2002,78.77,4197776,36023.1054,1.61199999999999,395467
"1368","Singapore","Asia",2007,79.972,4553009,47143.17964,1.202,355233
"1369","Slovak Republic","Europe",1952,64.36,3558137,5074.659104,0,0
"1370","Slovak Republic","Europe",1957,67.45,3844277,6093.26298,3.09,286140
"1371","Slovak Republic","Europe",1962,70.33,4237384,7481.107598,2.88,393107
"1372","Slovak Republic","Europe",1967,70.98,4442238,8412.902397,0.650000000000006,204854
"1373","Slovak Republic","Europe",1972,70.35,4593433,9674.167626,-0.63000000000001,151195
"1374","Slovak Republic","Europe",1977,70.45,4827803,10922.66404,0.100000000000009,234370
"1375","Slovak Republic","Europe",1982,70.8,5048043,11348.54585,0.349999999999994,220240
"1376","Slovak Republic","Europe",1987,71.08,5199318,12037.26758,0.280000000000001,151275
"1377","Slovak Republic","Europe",1992,71.38,5302888,9498.467723,0.299999999999997,103570
"1378","Slovak Republic","Europe",1997,72.71,5383010,12126.23065,1.33,80122
"1379","Slovak Republic","Europe",2002,73.8,5410052,13638.77837,1.09,27042
"1380","Slovak Republic","Europe",2007,74.663,5447502,18678.31435,0.863,37450
"1381","Slovenia","Europe",1952,65.57,1489518,4215.041741,0,0
"1382","Slovenia","Europe",1957,67.85,1533070,5862.276629,2.28,43552
"1383","Slovenia","Europe",1962,69.15,1582962,7402.303395,1.30000000000001,49892
"1384","Slovenia","Europe",1967,69.18,1646912,9405.489397,0.0300000000000011,63950
"1385","Slovenia","Europe",1972,69.82,1694510,12383.4862,0.639999999999986,47598
"1386","Slovenia","Europe",1977,70.97,1746919,15277.03017,1.15000000000001,52409
"1387","Slovenia","Europe",1982,71.063,1861252,17866.72175,0.0930000000000035,114333
"1388","Slovenia","Europe",1987,72.25,1945870,18678.53492,1.187,84618
"1389","Slovenia","Europe",1992,73.64,1999210,14214.71681,1.39,53340
"1390","Slovenia","Europe",1997,75.13,2011612,17161.10735,1.48999999999999,12402
"1391","Slovenia","Europe",2002,76.66,2011497,20660.01936,1.53,-115
"1392","Slovenia","Europe",2007,77.926,2009245,25768.25759,1.26600000000001,-2252
"1393","Somalia","Africa",1952,32.978,2526994,1135.749842,0,0
"1394","Somalia","Africa",1957,34.977,2780415,1258.147413,1.999,253421
"1395","Somalia","Africa",1962,36.981,3080153,1369.488336,2.004,299738
"1396","Somalia","Africa",1967,38.977,3428839,1284.73318,1.996,348686
"1397","Somalia","Africa",1972,40.973,3840161,1254.576127,1.996,411322
"1398","Somalia","Africa",1977,41.974,4353666,1450.992513,1.001,513505
"1399","Somalia","Africa",1982,42.955,5828892,1176.807031,0.981000000000002,1475226
"1400","Somalia","Africa",1987,44.501,6921858,1093.244963,1.546,1092966
"1401","Somalia","Africa",1992,39.658,6099799,926.9602964,-4.843,-822059
"1402","Somalia","Africa",1997,43.795,6633514,930.5964284,4.137,533715
"1403","Somalia","Africa",2002,45.936,7753310,882.0818218,2.141,1119796
"1404","Somalia","Africa",2007,48.159,9118773,926.1410683,2.223,1365463
"1405","South Africa","Africa",1952,45.009,14264935,4725.295531,0,0
"1406","South Africa","Africa",1957,47.985,16151549,5487.104219,2.976,1886614
"1407","South Africa","Africa",1962,49.951,18356657,5768.729717,1.966,2205108
"1408","South Africa","Africa",1967,51.927,20997321,7114.477971,1.976,2640664
"1409","South Africa","Africa",1972,53.696,23935810,7765.962636,1.769,2938489
"1410","South Africa","Africa",1977,55.527,27129932,8028.651439,1.831,3194122
"1411","South Africa","Africa",1982,58.161,31140029,8568.266228,2.634,4010097
"1412","South Africa","Africa",1987,60.834,35933379,7825.823398,2.673,4793350
"1413","South Africa","Africa",1992,61.888,39964159,7225.069258,1.05399999999999,4030780
"1414","South Africa","Africa",1997,60.236,42835005,7479.188244,-1.652,2870846
"1415","South Africa","Africa",2002,53.365,44433622,7710.946444,-6.871,1598617
"1416","South Africa","Africa",2007,49.339,43997828,9269.657808,-4.026,-435794
"1417","Spain","Europe",1952,64.94,28549870,3834.034742,0,0
"1418","Spain","Europe",1957,66.66,29841614,4564.80241,1.72,1291744
"1419","Spain","Europe",1962,69.69,31158061,5693.843879,3.03,1316447
"1420","Spain","Europe",1967,71.44,32850275,7993.512294,1.75,1692214
"1421","Spain","Europe",1972,73.06,34513161,10638.75131,1.62,1662886
"1422","Spain","Europe",1977,74.39,36439000,13236.92117,1.33,1925839
"1423","Spain","Europe",1982,76.3,37983310,13926.16997,1.91,1544310
"1424","Spain","Europe",1987,76.9,38880702,15764.98313,0.600000000000009,897392
"1425","Spain","Europe",1992,77.57,39549438,18603.06452,0.669999999999987,668736
"1426","Spain","Europe",1997,78.77,39855442,20445.29896,1.2,306004
"1427","Spain","Europe",2002,79.78,40152517,24835.47166,1.01000000000001,297075
"1428","Spain","Europe",2007,80.941,40448191,28821.0637,1.161,295674
"1429","Sri Lanka","Asia",1952,57.593,7982342,1083.53203,0,0
"1430","Sri Lanka","Asia",1957,61.456,9128546,1072.546602,3.863,1146204
"1431","Sri Lanka","Asia",1962,62.192,10421936,1074.47196,0.735999999999997,1293390
"1432","Sri Lanka","Asia",1967,64.266,11737396,1135.514326,2.07400000000001,1315460
"1433","Sri Lanka","Asia",1972,65.042,13016733,1213.39553,0.775999999999996,1279337
"1434","Sri Lanka","Asia",1977,65.949,14116836,1348.775651,0.906999999999996,1100103
"1435","Sri Lanka","Asia",1982,68.757,15410151,1648.079789,2.80800000000001,1293315
"1436","Sri Lanka","Asia",1987,69.011,16495304,1876.766827,0.253999999999991,1085153
"1437","Sri Lanka","Asia",1992,70.379,17587060,2153.739222,1.36800000000001,1091756
"1438","Sri Lanka","Asia",1997,70.457,18698655,2664.477257,0.0779999999999887,1111595
"1439","Sri Lanka","Asia",2002,70.815,19576783,3015.378833,0.358000000000004,878128
"1440","Sri Lanka","Asia",2007,72.396,20378239,3970.095407,1.581,801456
"1441","Sudan","Africa",1952,38.635,8504667,1615.991129,0,0
"1442","Sudan","Africa",1957,39.624,9753392,1770.337074,0.989000000000004,1248725
"1443","Sudan","Africa",1962,40.87,11183227,1959.593767,1.246,1429835
"1444","Sudan","Africa",1967,42.858,12716129,1687.997641,1.988,1532902
"1445","Sudan","Africa",1972,45.083,14597019,1659.652775,2.225,1880890
"1446","Sudan","Africa",1977,47.8,17104986,2202.988423,2.717,2507967
"1447","Sudan","Africa",1982,50.338,20367053,1895.544073,2.538,3262067
"1448","Sudan","Africa",1987,51.744,24725960,1507.819159,1.406,4358907
"1449","Sudan","Africa",1992,53.556,28227588,1492.197043,1.812,3501628
"1450","Sudan","Africa",1997,55.373,32160729,1632.210764,1.817,3933141
"1451","Sudan","Africa",2002,56.369,37090298,1993.398314,0.996000000000002,4929569
"1452","Sudan","Africa",2007,58.556,42292929,2602.394995,2.187,5202631
"1453","Swaziland","Africa",1952,41.407,290243,1148.376626,0,0
"1454","Swaziland","Africa",1957,43.424,326741,1244.708364,2.017,36498
"1455","Swaziland","Africa",1962,44.992,370006,1856.182125,1.568,43265
"1456","Swaziland","Africa",1967,46.633,420690,2613.101665,1.64100000000001,50684
"1457","Swaziland","Africa",1972,49.552,480105,3364.836625,2.919,59415
"1458","Swaziland","Africa",1977,52.537,551425,3781.410618,2.985,71320
"1459","Swaziland","Africa",1982,55.561,649901,3895.384018,3.024,98476
"1460","Swaziland","Africa",1987,57.678,779348,3984.839812,2.117,129447
"1461","Swaziland","Africa",1992,58.474,962344,3553.0224,0.795999999999999,182996
"1462","Swaziland","Africa",1997,54.289,1054486,3876.76846,-4.185,92142
"1463","Swaziland","Africa",2002,43.869,1130269,4128.116943,-10.42,75783
"1464","Swaziland","Africa",2007,39.613,1133066,4513.480643,-4.256,2797
"1465","Sweden","Europe",1952,71.86,7124673,8527.844662,0,0
"1466","Sweden","Europe",1957,72.49,7363802,9911.878226,0.629999999999995,239129
"1467","Sweden","Europe",1962,73.37,7561588,12329.44192,0.88000000000001,197786
"1468","Sweden","Europe",1967,74.16,7867931,15258.29697,0.789999999999992,306343
"1469","Sweden","Europe",1972,74.72,8122293,17832.02464,0.560000000000002,254362
"1470","Sweden","Europe",1977,75.44,8251648,18855.72521,0.719999999999999,129355
"1471","Sweden","Europe",1982,76.42,8325260,20667.38125,0.980000000000004,73612
"1472","Sweden","Europe",1987,77.19,8421403,23586.92927,0.769999999999996,96143
"1473","Sweden","Europe",1992,78.16,8718867,23880.01683,0.969999999999999,297464
"1474","Sweden","Europe",1997,79.39,8897619,25266.59499,1.23,178752
"1475","Sweden","Europe",2002,80.04,8954175,29341.63093,0.650000000000006,56556
"1476","Sweden","Europe",2007,80.884,9031088,33859.74835,0.843999999999994,76913
"1477","Switzerland","Europe",1952,69.62,4815000,14734.23275,0,0
"1478","Switzerland","Europe",1957,70.56,5126000,17909.48973,0.939999999999998,311000
"1479","Switzerland","Europe",1962,71.32,5666000,20431.0927,0.759999999999991,540000
"1480","Switzerland","Europe",1967,72.77,6063000,22966.14432,1.45,397000
"1481","Switzerland","Europe",1972,73.78,6401400,27195.11304,1.01000000000001,338400
"1482","Switzerland","Europe",1977,75.39,6316424,26982.29052,1.61,-84976
"1483","Switzerland","Europe",1982,76.21,6468126,28397.71512,0.819999999999993,151702
"1484","Switzerland","Europe",1987,77.41,6649942,30281.70459,1.2,181816
"1485","Switzerland","Europe",1992,78.03,6995447,31871.5303,0.620000000000005,345505
"1486","Switzerland","Europe",1997,79.37,7193761,32135.32301,1.34,198314
"1487","Switzerland","Europe",2002,80.62,7361757,34480.95771,1.25,167996
"1488","Switzerland","Europe",2007,81.701,7554661,37506.41907,1.08099999999999,192904
"1489","Syria","Asia",1952,45.883,3661549,1643.485354,0,0
"1490","Syria","Asia",1957,48.284,4149908,2117.234893,2.401,488359
"1491","Syria","Asia",1962,50.305,4834621,2193.037133,2.021,684713
"1492","Syria","Asia",1967,53.655,5680812,1881.923632,3.35,846191
"1493","Syria","Asia",1972,57.296,6701172,2571.423014,3.641,1020360
"1494","Syria","Asia",1977,61.195,7932503,3195.484582,3.899,1231331
"1495","Syria","Asia",1982,64.59,9410494,3761.837715,3.395,1477991
"1496","Syria","Asia",1987,66.974,11242847,3116.774285,2.384,1832353
"1497","Syria","Asia",1992,69.249,13219062,3340.542768,2.27499999999999,1976215
"1498","Syria","Asia",1997,71.527,15081016,4014.238972,2.27800000000001,1861954
"1499","Syria","Asia",2002,73.053,17155814,4090.925331,1.526,2074798
"1500","Syria","Asia",2007,74.143,19314747,4184.548089,1.09,2158933
"1501","Taiwan","Asia",1952,58.5,8550362,1206.947913,0,0
"1502","Taiwan","Asia",1957,62.4,10164215,1507.86129,3.9,1613853
"1503","Taiwan","Asia",1962,65.2,11918938,1822.879028,2.8,1754723
"1504","Taiwan","Asia",1967,67.5,13648692,2643.858681,2.3,1729754
"1505","Taiwan","Asia",1972,69.39,15226039,4062.523897,1.89,1577347
"1506","Taiwan","Asia",1977,70.59,16785196,5596.519826,1.2,1559157
"1507","Taiwan","Asia",1982,72.16,18501390,7426.354774,1.56999999999999,1716194
"1508","Taiwan","Asia",1987,73.4,19757799,11054.56175,1.24000000000001,1256409
"1509","Taiwan","Asia",1992,74.26,20686918,15215.6579,0.859999999999999,929119
"1510","Taiwan","Asia",1997,75.25,21628605,20206.82098,0.989999999999995,941687
"1511","Taiwan","Asia",2002,76.99,22454239,23235.42329,1.73999999999999,825634
"1512","Taiwan","Asia",2007,78.4,23174294,28718.27684,1.41000000000001,720055
"1513","Tanzania","Africa",1952,41.215,8322925,716.6500721,0,0
"1514","Tanzania","Africa",1957,42.974,9452826,698.5356073,1.75899999999999,1129901
"1515","Tanzania","Africa",1962,44.246,10863958,722.0038073,1.27200000000001,1411132
"1516","Tanzania","Africa",1967,45.757,12607312,848.2186575,1.511,1743354
"1517","Tanzania","Africa",1972,47.62,14706593,915.9850592,1.863,2099281
"1518","Tanzania","Africa",1977,49.919,17129565,962.4922932,2.299,2422972
"1519","Tanzania","Africa",1982,50.608,19844382,874.2426069,0.689,2714817
"1520","Tanzania","Africa",1987,51.535,23040630,831.8220794,0.927,3196248
"1521","Tanzania","Africa",1992,50.44,26605473,825.682454,-1.095,3564843
"1522","Tanzania","Africa",1997,48.466,30686889,789.1862231,-1.974,4081416
"1523","Tanzania","Africa",2002,49.651,34593779,899.0742111,1.185,3906890
"1524","Tanzania","Africa",2007,52.517,38139640,1107.482182,2.866,3545861
"1525","Thailand","Asia",1952,50.848,21289402,757.7974177,0,0
"1526","Thailand","Asia",1957,53.63,25041917,793.5774148,2.782,3752515
"1527","Thailand","Asia",1962,56.061,29263397,1002.199172,2.431,4221480
"1528","Thailand","Asia",1967,58.285,34024249,1295.46066,2.224,4760852
"1529","Thailand","Asia",1972,60.405,39276153,1524.358936,2.12,5251904
"1530","Thailand","Asia",1977,62.494,44148285,1961.224635,2.089,4872132
"1531","Thailand","Asia",1982,64.597,48827160,2393.219781,2.10299999999999,4678875
"1532","Thailand","Asia",1987,66.084,52910342,2982.653773,1.48700000000001,4083182
"1533","Thailand","Asia",1992,67.298,56667095,4616.896545,1.214,3756753
"1534","Thailand","Asia",1997,67.521,60216677,5852.625497,0.222999999999999,3549582
"1535","Thailand","Asia",2002,68.564,62806748,5913.187529,1.04299999999999,2590071
"1536","Thailand","Asia",2007,70.616,65068149,7458.396327,2.05200000000001,2261401
"1537","Togo","Africa",1952,38.596,1219113,859.8086567,0,0
"1538","Togo","Africa",1957,41.208,1357445,925.9083202,2.612,138332
"1539","Togo","Africa",1962,43.922,1528098,1067.53481,2.714,170653
"1540","Togo","Africa",1967,46.769,1735550,1477.59676,2.847,207452
"1541","Togo","Africa",1972,49.759,2056351,1649.660188,2.99,320801
"1542","Togo","Africa",1977,52.887,2308582,1532.776998,3.128,252231
"1543","Togo","Africa",1982,55.471,2644765,1344.577953,2.584,336183
"1544","Togo","Africa",1987,56.941,3154264,1202.201361,1.47000000000001,509499
"1545","Togo","Africa",1992,58.061,3747553,1034.298904,1.12,593289
"1546","Togo","Africa",1997,58.39,4320890,982.2869243,0.329000000000001,573337
"1547","Togo","Africa",2002,57.561,4977378,886.2205765,-0.829000000000001,656488
"1548","Togo","Africa",2007,58.42,5701579,882.9699438,0.859000000000002,724201
"1549","Trinidad and Tobago","Americas",1952,59.1,662850,3023.271928,0,0
"1550","Trinidad and Tobago","Americas",1957,61.8,764900,4100.3934,2.7,102050
"1551","Trinidad and Tobago","Americas",1962,64.9,887498,4997.523971,3.10000000000001,122598
"1552","Trinidad and Tobago","Americas",1967,65.4,960155,5621.368472,0.5,72657
"1553","Trinidad and Tobago","Americas",1972,65.9,975199,6619.551419,0.5,15044
"1554","Trinidad and Tobago","Americas",1977,68.3,1039009,7899.554209,2.39999999999999,63810
"1555","Trinidad and Tobago","Americas",1982,68.832,1116479,9119.528607,0.531999999999996,77470
"1556","Trinidad and Tobago","Americas",1987,69.582,1191336,7388.597823,0.75,74857
"1557","Trinidad and Tobago","Americas",1992,69.862,1183669,7370.990932,0.280000000000001,-7667
"1558","Trinidad and Tobago","Americas",1997,69.465,1138101,8792.573126,-0.396999999999991,-45568
"1559","Trinidad and Tobago","Americas",2002,68.976,1101832,11460.60023,-0.489000000000004,-36269
"1560","Trinidad and Tobago","Americas",2007,69.819,1056608,18008.50924,0.843000000000004,-45224
"1561","Tunisia","Africa",1952,44.6,3647735,1468.475631,0,0
"1562","Tunisia","Africa",1957,47.1,3950849,1395.232468,2.5,303114
"1563","Tunisia","Africa",1962,49.579,4286552,1660.30321,2.479,335703
"1564","Tunisia","Africa",1967,52.053,4786986,1932.360167,2.474,500434
"1565","Tunisia","Africa",1972,55.602,5303507,2753.285994,3.549,516521
"1566","Tunisia","Africa",1977,59.837,6005061,3120.876811,4.23500000000001,701554
"1567","Tunisia","Africa",1982,64.048,6734098,3560.233174,4.211,729037
"1568","Tunisia","Africa",1987,66.894,7724976,3810.419296,2.846,990878
"1569","Tunisia","Africa",1992,70.001,8523077,4332.720164,3.107,798101
"1570","Tunisia","Africa",1997,71.973,9231669,4876.798614,1.97199999999999,708592
"1571","Tunisia","Africa",2002,73.042,9770575,5722.895655,1.069,538906
"1572","Tunisia","Africa",2007,73.923,10276158,7092.923025,0.881,505583
"1573","Turkey","Europe",1952,43.585,22235677,1969.10098,0,0
"1574","Turkey","Europe",1957,48.079,25670939,2218.754257,4.494,3435262
"1575","Turkey","Europe",1962,52.098,29788695,2322.869908,4.019,4117756
"1576","Turkey","Europe",1967,54.336,33411317,2826.356387,2.238,3622622
"1577","Turkey","Europe",1972,57.005,37492953,3450.69638,2.669,4081636
"1578","Turkey","Europe",1977,59.507,42404033,4269.122326,2.502,4911080
"1579","Turkey","Europe",1982,61.036,47328791,4241.356344,1.529,4924758
"1580","Turkey","Europe",1987,63.108,52881328,5089.043686,2.072,5552537
"1581","Turkey","Europe",1992,66.146,58179144,5678.348271,3.038,5297816
"1582","Turkey","Europe",1997,68.835,63047647,6601.429915,2.68899999999999,4868503
"1583","Turkey","Europe",2002,70.845,67308928,6508.085718,2.01000000000001,4261281
"1584","Turkey","Europe",2007,71.777,71158647,8458.276384,0.932000000000002,3849719
"1585","Uganda","Africa",1952,39.978,5824797,734.753484,0,0
"1586","Uganda","Africa",1957,42.571,6675501,774.3710692,2.593,850704
"1587","Uganda","Africa",1962,45.344,7688797,767.2717398,2.773,1013296
"1588","Uganda","Africa",1967,48.051,8900294,908.9185217,2.707,1211497
"1589","Uganda","Africa",1972,51.016,10190285,950.735869,2.965,1289991
"1590","Uganda","Africa",1977,50.35,11457758,843.7331372,-0.665999999999997,1267473
"1591","Uganda","Africa",1982,49.849,12939400,682.2662268,-0.501000000000005,1481642
"1592","Uganda","Africa",1987,51.509,15283050,617.7244065,1.66,2343650
"1593","Uganda","Africa",1992,48.825,18252190,644.1707969,-2.684,2969140
"1594","Uganda","Africa",1997,44.578,21210254,816.559081,-4.247,2958064
"1595","Uganda","Africa",2002,47.813,24739869,927.7210018,3.235,3529615
"1596","Uganda","Africa",2007,51.542,29170398,1056.380121,3.729,4430529
"1597","United Kingdom","Europe",1952,69.18,50430000,9979.508487,0,0
"1598","United Kingdom","Europe",1957,70.42,51430000,11283.17795,1.23999999999999,1000000
"1599","United Kingdom","Europe",1962,70.76,53292000,12477.17707,0.340000000000003,1862000
"1600","United Kingdom","Europe",1967,71.36,54959000,14142.85089,0.599999999999994,1667000
"1601","United Kingdom","Europe",1972,72.01,56079000,15895.11641,0.650000000000006,1120000
"1602","United Kingdom","Europe",1977,72.76,56179000,17428.74846,0.75,100000
"1603","United Kingdom","Europe",1982,74.04,56339704,18232.42452,1.28,160704
"1604","United Kingdom","Europe",1987,75.007,56981620,21664.78767,0.966999999999999,641916
"1605","United Kingdom","Europe",1992,76.42,57866349,22705.09254,1.413,884729
"1606","United Kingdom","Europe",1997,77.218,58808266,26074.53136,0.798000000000002,941917
"1607","United Kingdom","Europe",2002,78.471,59912431,29478.99919,1.253,1104165
"1608","United Kingdom","Europe",2007,79.425,60776238,33203.26128,0.953999999999994,863807
"1609","United States","Americas",1952,68.44,157553000,13990.48208,0,0
"1610","United States","Americas",1957,69.49,171984000,14847.12712,1.05,14431000
"1611","United States","Americas",1962,70.21,186538000,16173.14586,0.719999999999999,14554000
"1612","United States","Americas",1967,70.76,198712000,19530.36557,0.550000000000011,12174000
"1613","United States","Americas",1972,71.34,209896000,21806.03594,0.579999999999998,11184000
"1614","United States","Americas",1977,73.38,220239000,24072.63213,2.03999999999999,10343000
"1615","United States","Americas",1982,74.65,232187835,25009.55914,1.27000000000001,11948835
"1616","United States","Americas",1987,75.02,242803533,29884.35041,0.36999999999999,10615698
"1617","United States","Americas",1992,76.09,256894189,32003.93224,1.07000000000001,14090656
"1618","United States","Americas",1997,76.81,272911760,35767.43303,0.719999999999999,16017571
"1619","United States","Americas",2002,77.31,287675526,39097.09955,0.5,14763766
"1620","United States","Americas",2007,78.242,301139947,42951.65309,0.932000000000002,13464421
"1621","Uruguay","Americas",1952,66.071,2252965,5716.766744,0,0
"1622","Uruguay","Americas",1957,67.044,2424959,6150.772969,0.972999999999999,171994
"1623","Uruguay","Americas",1962,68.253,2598466,5603.357717,1.209,173507
"1624","Uruguay","Americas",1967,68.468,2748579,5444.61962,0.215000000000003,150113
"1625","Uruguay","Americas",1972,68.673,2829526,5703.408898,0.204999999999998,80947
"1626","Uruguay","Americas",1977,69.481,2873520,6504.339663,0.807999999999993,43994
"1627","Uruguay","Americas",1982,70.805,2953997,6920.223051,1.32400000000001,80477
"1628","Uruguay","Americas",1987,71.918,3045153,7452.398969,1.113,91156
"1629","Uruguay","Americas",1992,72.752,3149262,8137.004775,0.833999999999989,104109
"1630","Uruguay","Americas",1997,74.223,3262838,9230.240708,1.471,113576
"1631","Uruguay","Americas",2002,75.307,3363085,7727.002004,1.084,100247
"1632","Uruguay","Americas",2007,76.384,3447496,10611.46299,1.077,84411
"1633","Venezuela","Americas",1952,55.088,5439568,7689.799761,0,0
"1634","Venezuela","Americas",1957,57.907,6702668,9802.466526,2.819,1263100
"1635","Venezuela","Americas",1962,60.77,8143375,8422.974165,2.86300000000001,1440707
"1636","Venezuela","Americas",1967,63.479,9709552,9541.474188,2.709,1566177
"1637","Venezuela","Americas",1972,65.712,11515649,10505.25966,2.233,1806097
"1638","Venezuela","Americas",1977,67.456,13503563,13143.95095,1.744,1987914
"1639","Venezuela","Americas",1982,68.557,15620766,11152.41011,1.101,2117203
"1640","Venezuela","Americas",1987,70.19,17910182,9883.584648,1.633,2289416
"1641","Venezuela","Americas",1992,71.15,20265563,10733.92631,0.960000000000008,2355381
"1642","Venezuela","Americas",1997,72.146,22374398,10165.49518,0.995999999999995,2108835
"1643","Venezuela","Americas",2002,72.766,24287670,8605.047831,0.620000000000005,1913272
"1644","Venezuela","Americas",2007,73.747,26084662,11415.80569,0.980999999999995,1796992
"1645","Vietnam","Asia",1952,40.412,26246839,605.0664917,0,0
"1646","Vietnam","Asia",1957,42.887,28998543,676.2854478,2.475,2751704
"1647","Vietnam","Asia",1962,45.363,33796140,772.0491602,2.476,4797597
"1648","Vietnam","Asia",1967,47.838,39463910,637.1232887,2.475,5667770
"1649","Vietnam","Asia",1972,50.254,44655014,699.5016441,2.416,5191104
"1650","Vietnam","Asia",1977,55.764,50533506,713.5371196,5.51000000000001,5878492
"1651","Vietnam","Asia",1982,58.816,56142181,707.2357863,3.052,5608675
"1652","Vietnam","Asia",1987,62.82,62826491,820.7994449,4.004,6684310
"1653","Vietnam","Asia",1992,67.662,69940728,989.0231487,4.84200000000001,7114237
"1654","Vietnam","Asia",1997,70.672,76048996,1385.896769,3.00999999999999,6108268
"1655","Vietnam","Asia",2002,73.017,80908147,1764.456677,2.345,4859151
"1656","Vietnam","Asia",2007,74.249,85262356,2441.576404,1.232,4354209
"1657","West Bank and Gaza","Asia",1952,43.16,1030585,1515.592329,0,0
"1658","West Bank and Gaza","Asia",1957,45.671,1070439,1827.067742,2.511,39854
"1659","West Bank and Gaza","Asia",1962,48.127,1133134,2198.956312,2.456,62695
"1660","West Bank and Gaza","Asia",1967,51.631,1142636,2649.715007,3.504,9502
"1661","West Bank and Gaza","Asia",1972,56.532,1089572,3133.409277,4.901,-53064
"1662","West Bank and Gaza","Asia",1977,60.765,1261091,3682.831494,4.233,171519
"1663","West Bank and Gaza","Asia",1982,64.406,1425876,4336.032082,3.64100000000001,164785
"1664","West Bank and Gaza","Asia",1987,67.046,1691210,5107.197384,2.64,265334
"1665","West Bank and Gaza","Asia",1992,69.718,2104779,6017.654756,2.672,413569
"1666","West Bank and Gaza","Asia",1997,71.096,2826046,7110.667619,1.378,721267
"1667","West Bank and Gaza","Asia",2002,72.37,3389578,4515.487575,1.274,563532
"1668","West Bank and Gaza","Asia",2007,73.422,4018332,3025.349798,1.05199999999999,628754
"1669","Yemen, Rep.","Asia",1952,32.548,4963829,781.7175761,0,0
"1670","Yemen, Rep.","Asia",1957,33.97,5498090,804.8304547,1.422,534261
"1671","Yemen, Rep.","Asia",1962,35.18,6120081,825.6232006,1.21,621991
"1672","Yemen, Rep.","Asia",1967,36.984,6740785,862.4421463,1.804,620704
"1673","Yemen, Rep.","Asia",1972,39.848,7407075,1265.047031,2.864,666290
"1674","Yemen, Rep.","Asia",1977,44.175,8403990,1829.765177,4.327,996915
"1675","Yemen, Rep.","Asia",1982,49.113,9657618,1977.55701,4.938,1253628
"1676","Yemen, Rep.","Asia",1987,52.922,11219340,1971.741538,3.809,1561722
"1677","Yemen, Rep.","Asia",1992,55.599,13367997,1879.496673,2.677,2148657
"1678","Yemen, Rep.","Asia",1997,58.02,15826497,2117.484526,2.42100000000001,2458500
"1679","Yemen, Rep.","Asia",2002,60.308,18701257,2234.820827,2.288,2874760
"1680","Yemen, Rep.","Asia",2007,62.698,22211743,2280.769906,2.39,3510486
"1681","Zambia","Africa",1952,42.038,2672000,1147.388831,0,0
"1682","Zambia","Africa",1957,44.077,3016000,1311.956766,2.039,344000
"1683","Zambia","Africa",1962,46.023,3421000,1452.725766,1.94600000000001,405000
"1684","Zambia","Africa",1967,47.768,3900000,1777.077318,1.745,479000
"1685","Zambia","Africa",1972,50.107,4506497,1773.498265,2.339,606497
"1686","Zambia","Africa",1977,51.386,5216550,1588.688299,1.279,710053
"1687","Zambia","Africa",1982,51.821,6100407,1408.678565,0.434999999999995,883857
"1688","Zambia","Africa",1987,50.821,7272406,1213.315116,-1,1171999
"1689","Zambia","Africa",1992,46.1,8381163,1210.884633,-4.721,1108757
"1690","Zambia","Africa",1997,40.238,9417789,1071.353818,-5.862,1036626
"1691","Zambia","Africa",2002,39.193,10595811,1071.613938,-1.045,1178022
"1692","Zambia","Africa",2007,42.384,11746035,1271.211593,3.191,1150224
"1693","Zimbabwe","Africa",1952,48.451,3080907,406.8841148,0,0
"1694","Zimbabwe","Africa",1957,50.469,3646340,518.7642681,2.018,565433
"1695","Zimbabwe","Africa",1962,52.358,4277736,527.2721818,1.889,631396
"1696","Zimbabwe","Africa",1967,53.995,4995432,569.7950712,1.637,717696
"1697","Zimbabwe","Africa",1972,55.635,5861135,799.3621758,1.64,865703
"1698","Zimbabwe","Africa",1977,57.674,6642107,685.5876821,2.039,780972
"1699","Zimbabwe","Africa",1982,60.363,7636524,788.8550411,2.689,994417
"1700","Zimbabwe","Africa",1987,62.351,9216418,706.1573059,1.988,1579894
"1701","Zimbabwe","Africa",1992,60.377,10704340,693.4207856,-1.974,1487922
"1702","Zimbabwe","Africa",1997,46.809,11404948,792.4499603,-13.568,700608
"1703","Zimbabwe","Africa",2002,39.989,11926563,672.0386227,-6.82,521615
"1704","Zimbabwe","Africa",2007,43.487,12311143,469.7092981,3.498,384580
